city,date_time,temperature,humidity,wind_speed,weather_condition
Istanbul,2025-04-22 00:00:00:00,15.0,54.87,11.8,Bulutlu
Istanbul,2025-04-22 01:00:00:00,15.0,54.21,15.4,Bulutlu
Istanbul,2025-04-22 02:00:00:00,13.1,64.6,20.7,Bulutlu
Istanbul,2025-04-22 03:00:00:00,13.0,66.13,19.1,Bulutlu
Istanbul,2025-04-22 04:00:00:00,11.8,71.43,18.4,Bulutlu
Istanbul,2025-04-22 05:00:00:00,11.6,72.26,22.6,Parçalı Bulutlu
Istanbul,2025-04-22 06:00:00:00,10.8,76.32,16.4,Parçalı Bulutlu
Istanbul,2025-04-22 07:00:00:00,10.6,78.14,14.9,Parçalı Bulutlu
Istanbul,2025-04-22 08:00:00:00,11.6,77.37,24.7,Parçalı Bulutlu
Istanbul,2025-04-22 09:00:00:00,12.8,72.48,22.3,Parçalı Bulutlu
Istanbul,2025-04-22 10:00:00:00,15.8,60.4,17.3,Açık
Istanbul,2025-04-22 11:00:00:00,17.8,56.26,20.5,Açık
Istanbul,2025-04-22 12:00:00:00,19.6,50.19,20.0,Açık
Istanbul,2025-04-22 13:00:00:00,19.8,49.65,22.6,Parçalı Bulutlu
Istanbul,2025-04-22 14:00:00:00,19.8,49.65,25.1,Parçalı Bulutlu
Istanbul,2025-04-22 15:00:00:00,19.8,50.24,23.6,Parçalı Bulutlu
Istanbul,2025-04-22 16:00:00:00,20.0,49.7,26.2,Parçalı Bulutlu
Istanbul,2025-04-22 17:00:00:00,19.0,50.02,25.1,Açık
Istanbul,2025-04-22 18:00:00:00,17.8,53.2,26.9,Açık
Istanbul,2025-04-22 19:00:00:00,15.6,61.08,25.1,Açık
Istanbul,2025-04-22 20:00:00:00,12.8,72.48,29.2,Açık
Istanbul,2025-04-22 21:00:00:00,11.6,78.3,27.7,Açık
Istanbul,2025-04-22 22:00:00:00,10.8,82.7,27.2,Açık
Istanbul,2025-04-22 23:00:00:00,11.3,83.46,15.8,Açık
Istanbul,2025-04-23 00:00:00:00,10.8,86.28,15.8,Açık
Istanbul,2025-04-23 01:00:00:00,10.4,89.21,15.8,Parçalı Bulutlu
Istanbul,2025-04-23 02:00:00:00,10.1,91.63,17.3,Parçalı Bulutlu
Istanbul,2025-04-23 03:00:00:00,10.0,92.87,18.0,Parçalı Bulutlu
Istanbul,2025-04-23 04:00:00:00,10.1,92.25,18.4,Parçalı Bulutlu
Istanbul,2025-04-23 05:00:00:00,9.9,94.77,15.1,Bulutlu
Istanbul,2025-04-23 06:00:00:00,9.9,94.77,13.0,Bulutlu
Istanbul,2025-04-23 07:00:00:00,10.0,94.77,12.6,Bulutlu
Istanbul,2025-04-23 08:00:00:00,10.1,94.77,13.0,Bulutlu
Istanbul,2025-04-23 09:00:00:00,10.5,92.9,11.9,Bulutlu
Istanbul,2025-04-23 10:00:00:00,11.0,91.08,9.7,Bulutlu
Istanbul,2025-04-23 11:00:00:00,11.6,88.71,10.1,Bulutlu
Istanbul,2025-04-23 12:00:00:00,12.6,83.62,10.8,Parçalı Bulutlu
Istanbul,2025-04-23 13:00:00:00,12.9,83.09,15.1,Bulutlu
Istanbul,2025-04-23 14:00:00:00,13.4,79.89,17.3,Parçalı Bulutlu
Istanbul,2025-04-23 15:00:00:00,13.6,77.81,19.1,Parçalı Bulutlu
Istanbul,2025-04-23 16:00:00:00,13.7,75.25,19.1,Parçalı Bulutlu
Istanbul,2025-04-23 17:00:00:00,13.5,76.24,20.9,Parçalı Bulutlu
Istanbul,2025-04-23 18:00:00:00,13.3,75.19,20.9,Parçalı Bulutlu
Istanbul,2025-04-23 19:00:00:00,12.7,79.79,20.5,Parçalı Bulutlu
Istanbul,2025-04-23 20:00:00:00,12.2,80.8,19.1,Parçalı Bulutlu
Istanbul,2025-04-23 21:00:00:00,11.7,84.07,18.0,Açık
Istanbul,2025-04-23 22:00:00:00,11.3,85.75,19.8,Parçalı Bulutlu
Istanbul,2025-04-23 23:00:00:00,11.2,86.9,17.6,Parçalı Bulutlu
Istanbul,2025-04-24 00:00:00:00,11.1,86.89,16.9,Parçalı Bulutlu
Istanbul,2025-04-24 01:00:00:00,11.0,86.3,16.9,Parçalı Bulutlu
Istanbul,2025-04-24 02:00:00:00,11.0,86.3,16.9,Parçalı Bulutlu
Istanbul,2025-04-24 03:00:00:00,10.9,88.65,14.0,Bulutlu
Istanbul,2025-04-24 04:00:00:00,11.0,88.66,13.3,Bulutlu
Istanbul,2025-04-24 05:00:00:00,10.9,89.25,13.7,Bulutlu
Istanbul,2025-04-24 06:00:00:00,11.0,88.66,15.5,Parçalı Bulutlu
Istanbul,2025-04-24 07:00:00:00,11.0,89.86,12.6,Bulutlu
Istanbul,2025-04-24 08:00:00:00,11.2,89.27,13.7,Bulutlu
Istanbul,2025-04-24 09:00:00:00,11.8,86.96,14.8,Bulutlu
Istanbul,2025-04-24 10:00:00:00,12.8,80.34,19.1,Parçalı Bulutlu
Istanbul,2025-04-24 11:00:00:00,13.4,77.25,19.1,Bulutlu
Istanbul,2025-04-24 12:00:00:00,13.9,75.29,18.4,Bulutlu
Istanbul,2025-04-24 13:00:00:00,14.5,72.91,19.4,Parçalı Bulutlu
Istanbul,2025-04-24 14:00:00:00,14.9,72.49,19.4,Bulutlu
Istanbul,2025-04-24 15:00:00:00,14.7,74.42,19.4,Bulutlu
Istanbul,2025-04-24 16:00:00:00,14.8,73.94,19.1,Bulutlu
Istanbul,2025-04-24 17:00:00:00,14.8,73.45,18.4,Bulutlu
Istanbul,2025-04-24 18:00:00:00,14.4,75.88,17.3,Bulutlu
Istanbul,2025-04-24 19:00:00:00,13.9,78.37,14.0,Bulutlu
Istanbul,2025-04-24 20:00:00:00,13.3,80.95,9.0,Bulutlu
Istanbul,2025-04-24 21:00:00:00,12.8,84.2,4.3,Bulutlu
Istanbul,2025-04-24 22:00:00:00,12.4,87.02,5.0,Bulutlu
Istanbul,2025-04-24 23:00:00:00,12.1,88.75,3.6,Bulutlu
Istanbul,2025-04-25 00:00:00:00,11.8,90.52,3.2,Parçalı Bulutlu
Istanbul,2025-04-25 01:00:00:00,11.4,92.33,4.0,Parçalı Bulutlu
Istanbul,2025-04-25 02:00:00:00,11.2,93.56,2.9,Parçalı Bulutlu
Istanbul,2025-04-25 03:00:00:00,11.1,93.56,1.8,Parçalı Bulutlu
Istanbul,2025-04-25 04:00:00:00,11.3,91.71,0.7,Bulutlu
Istanbul,2025-04-25 05:00:00:00,11.7,89.91,2.5,Bulutlu
Istanbul,2025-04-25 06:00:00:00,11.8,90.52,3.2,Bulutlu
Istanbul,2025-04-25 07:00:00:00,11.9,89.93,2.2,Parçalı Bulutlu
Istanbul,2025-04-25 08:00:00:00,12.0,90.54,1.8,Parçalı Bulutlu
Istanbul,2025-04-25 09:00:00:00,12.1,92.37,2.9,Parçalı Bulutlu
Istanbul,2025-04-25 10:00:00:00,12.1,93.6,5.4,Açık
Istanbul,2025-04-25 11:00:00:00,12.2,92.99,7.2,Açık
Istanbul,2025-04-25 12:00:00:00,12.4,91.17,8.3,Parçalı Bulutlu
Istanbul,2025-04-25 13:00:00:00,12.5,89.97,7.9,Parçalı Bulutlu
Istanbul,2025-04-25 14:00:00:00,12.6,88.2,7.6,Parçalı Bulutlu
Istanbul,2025-04-25 15:00:00:00,12.4,88.78,7.6,Açık
Istanbul,2025-04-25 16:00:00:00,12.2,89.16,6.8,Açık
Istanbul,2025-04-25 17:00:00:00,12.1,89.55,6.1,Açık
Istanbul,2025-04-25 18:00:00:00,12.0,89.94,5.4,Parçalı Bulutlu
Istanbul,2025-04-25 19:00:00:00,12.3,87.4,4.1,Açık
Istanbul,2025-04-25 20:00:00:00,12.6,84.94,2.8,Açık
Istanbul,2025-04-25 21:00:00:00,13.0,82.55,1.4,Açık
Istanbul,2025-04-25 22:00:00:00,12.9,83.66,1.7,Açık
Istanbul,2025-04-25 23:00:00:00,12.9,84.78,1.9,Açık
Istanbul,2025-04-26 00:00:00:00,12.9,85.91,2.2,Açık
Istanbul,2025-04-26 01:00:00:00,12.9,85.35,1.9,Açık
Istanbul,2025-04-26 02:00:00:00,12.9,84.78,1.7,Açık
Istanbul,2025-04-26 03:00:00:00,13.0,84.22,1.4,Açık
Istanbul,2025-04-26 04:00:00:00,13.0,83.86,1.6,Açık
Istanbul,2025-04-26 05:00:00:00,13.1,83.49,1.7,Açık
Istanbul,2025-04-26 06:00:00:00,13.2,83.13,1.8,Açık
Istanbul,2025-04-26 07:00:00:00,13.1,84.24,3.0,Açık
Istanbul,2025-04-26 08:00:00:00,13.1,85.37,4.2,Açık
Istanbul,2025-04-26 09:00:00:00,13.1,86.51,5.4,Açık
Istanbul,2025-04-26 10:00:00:00,13.2,85.37,6.8,Açık
Istanbul,2025-04-26 11:00:00:00,13.3,84.26,8.3,Açık
Istanbul,2025-04-26 12:00:00:00,13.4,83.15,9.7,Açık
Istanbul,2025-04-26 13:00:00:00,13.3,84.26,8.5,Açık
Istanbul,2025-04-26 14:00:00:00,13.2,85.37,7.3,Açık
Istanbul,2025-04-26 15:00:00:00,13.1,86.51,6.1,Açık
Istanbul,2025-04-26 16:00:00:00,13.0,86.31,5.0,Açık
Istanbul,2025-04-26 17:00:00:00,12.9,86.11,4.0,Açık
Istanbul,2025-04-26 18:00:00:00,12.9,85.91,2.9,Açık
Istanbul,2025-04-26 19:00:00:00,13.8,80.66,3.2,Açık
Istanbul,2025-04-26 20:00:00:00,14.7,75.76,3.6,Açık
Istanbul,2025-04-26 21:00:00:00,15.6,71.18,4.0,Açık
Istanbul,2025-04-26 22:00:00:00,15.1,72.21,4.9,Açık
Istanbul,2025-04-26 23:00:00:00,14.6,73.26,5.9,Parçalı Bulutlu
Istanbul,2025-04-27 00:00:00:00,14.2,74.33,6.8,Parçalı Bulutlu
Istanbul,2025-04-27 01:00:00:00,14.0,74.64,8.0,Parçalı Bulutlu
Istanbul,2025-04-27 02:00:00:00,13.8,74.94,9.2,Parçalı Bulutlu
Istanbul,2025-04-27 03:00:00:00,13.7,75.25,10.4,Parçalı Bulutlu
Istanbul,2025-04-27 04:00:00:00,13.5,76.58,12.8,Parçalı Bulutlu
Istanbul,2025-04-27 05:00:00:00,13.3,77.93,15.2,Parçalı Bulutlu
Istanbul,2025-04-27 06:00:00:00,13.1,79.31,17.6,Açık
Istanbul,2025-04-27 07:00:00:00,13.2,73.16,9.0,Parçalı Bulutlu
Istanbul,2025-04-27 08:00:00:00,13.8,75.78,11.5,Parçalı Bulutlu
Istanbul,2025-04-27 09:00:00:00,14.5,77.43,15.5,Parçalı Bulutlu
Istanbul,2025-04-27 10:00:00:00,14.8,76.96,22.0,Parçalı Bulutlu
Istanbul,2025-04-27 11:00:00:00,14.3,76.88,23.8,Parçalı Bulutlu
Istanbul,2025-04-27 12:00:00:00,14.3,75.35,25.2,Parçalı Bulutlu
Istanbul,2025-04-27 13:00:00:00,14.1,75.32,26.3,Parçalı Bulutlu
Istanbul,2025-04-27 14:00:00:00,13.6,76.26,29.5,Parçalı Bulutlu
Istanbul,2025-04-27 15:00:00:00,13.3,74.68,31.3,Parçalı Bulutlu
Istanbul,2025-04-27 16:00:00:00,12.8,73.27,31.0,Parçalı Bulutlu
Istanbul,2025-04-27 17:00:00:00,12.4,71.87,30.6,Parçalı Bulutlu
Istanbul,2025-04-27 18:00:00:00,12.0,70.49,30.2,Parçalı Bulutlu
Istanbul,2025-04-27 19:00:00:00,11.5,70.39,28.8,Parçalı Bulutlu
Istanbul,2025-04-27 20:00:00:00,11.0,70.29,27.4,Parçalı Bulutlu
Istanbul,2025-04-27 21:00:00:00,10.5,70.19,25.9,Parçalı Bulutlu
Istanbul,2025-04-27 22:00:00:00,10.4,71.16,24.4,Parçalı Bulutlu
Istanbul,2025-04-27 23:00:00:00,10.3,72.13,22.8,Parçalı Bulutlu
Istanbul,2025-04-28 00:00:00:00,10.2,73.12,21.2,Bulutlu
Istanbul,2025-04-28 01:00:00:00,10.5,76.44,22.3,Bulutlu
Istanbul,2025-04-28 02:00:00:00,10.8,79.88,23.4,Bulutlu
Istanbul,2025-04-28 03:00:00:00,11.1,83.44,24.5,Bulutlu
Istanbul,2025-04-28 04:00:00:00,10.9,80.81,25.0,Bulutlu
Istanbul,2025-04-28 05:00:00:00,10.7,78.24,25.4,Parçalı Bulutlu
Istanbul,2025-04-28 06:00:00:00,10.5,75.74,25.9,Parçalı Bulutlu
Istanbul,2025-04-28 07:00:00:00,11.0,69.66,27.1,Parçalı Bulutlu
Istanbul,2025-04-28 08:00:00:00,11.6,64.06,28.3,Parçalı Bulutlu
Istanbul,2025-04-28 09:00:00:00,12.2,58.91,29.5,Parçalı Bulutlu
Istanbul,2025-04-28 10:00:00:00,12.8,57.58,29.9,Parçalı Bulutlu
Istanbul,2025-04-28 11:00:00:00,13.5,56.29,30.2,Parçalı Bulutlu
Istanbul,2025-04-28 12:00:00:00,14.2,55.05,30.6,Bulutlu
Istanbul,2025-04-28 13:00:00:00,14.3,55.85,31.3,Parçalı Bulutlu
Istanbul,2025-04-28 14:00:00:00,14.4,56.66,32.0,Parçalı Bulutlu
Istanbul,2025-04-28 15:00:00:00,14.6,57.48,32.8,Açık
Istanbul,2025-04-28 16:00:00:00,14.0,58.69,32.8,Açık
Istanbul,2025-04-28 17:00:00:00,13.5,59.92,32.8,Açık
Istanbul,2025-04-28 18:00:00:00,13.0,61.19,32.8,Açık
Istanbul,2025-04-28 19:00:00:00,12.3,64.81,30.7,Parçalı Bulutlu
Istanbul,2025-04-28 20:00:00:00,11.6,68.67,28.7,Parçalı Bulutlu
Istanbul,2025-04-28 21:00:00:00,11.0,72.76,26.6,Bulutlu
Istanbul,2025-04-28 22:00:00:00,10.8,73.91,25.2,Bulutlu
Istanbul,2025-04-28 23:00:00:00,10.6,75.07,23.8,Bulutlu
Istanbul,2025-04-29 00:00:00:00,10.4,76.25,22.3,Bulutlu
Istanbul,2025-04-29 01:00:00:00,10.3,76.77,22.0,Bulutlu
Istanbul,2025-04-29 02:00:00:00,10.3,77.3,21.6,Parçalı Bulutlu
Istanbul,2025-04-29 03:00:00:00,10.3,77.83,21.2,Parçalı Bulutlu
Istanbul,2025-04-29 04:00:00:00,10.4,77.67,21.0,Parçalı Bulutlu
Istanbul,2025-04-29 05:00:00:00,10.5,77.51,20.8,Bulutlu
Istanbul,2025-04-29 06:00:00:00,10.7,77.35,20.5,Bulutlu
Istanbul,2025-04-29 07:00:00:00,11.0,76.88,20.4,Bulutlu
Istanbul,2025-04-29 08:00:00:00,11.3,76.41,20.3,Bulutlu
Istanbul,2025-04-29 09:00:00:00,11.7,75.94,20.2,Bulutlu
Istanbul,2025-04-29 10:00:00:00,12.6,72.72,20.2,Bulutlu
Istanbul,2025-04-29 11:00:00:00,13.5,69.67,20.2,Parçalı Bulutlu
Istanbul,2025-04-29 12:00:00:00,14.4,66.77,20.2,Parçalı Bulutlu
Istanbul,2025-04-29 13:00:00:00,14.5,66.64,20.5,Parçalı Bulutlu
Istanbul,2025-04-29 14:00:00:00,14.6,66.51,20.9,Bulutlu
Istanbul,2025-04-29 15:00:00:00,14.7,66.38,21.2,Bulutlu
Istanbul,2025-04-29 16:00:00:00,14.2,68.26,20.9,Bulutlu
Istanbul,2025-04-29 17:00:00:00,13.7,70.19,20.5,Bulutlu
Istanbul,2025-04-29 18:00:00:00,13.3,72.2,20.2,Bulutlu
Istanbul,2025-04-29 19:00:00:00,12.8,75.44,18.1,Bulutlu
Istanbul,2025-04-29 20:00:00:00,12.3,78.84,16.1,Bulutlu
Istanbul,2025-04-29 21:00:00:00,11.8,82.4,14.0,Bulutlu
Istanbul,2025-04-29 22:00:00:00,11.6,83.88,13.8,Bulutlu
Istanbul,2025-04-29 23:00:00:00,11.5,85.39,13.6,Bulutlu
Istanbul,2025-04-30 00:00:00:00,11.4,86.92,13.3,Bulutlu
Istanbul,2025-04-30 01:00:00:00,11.3,87.31,12.7,Bulutlu
Istanbul,2025-04-30 02:00:00:00,11.2,87.69,12.1,Bulutlu
Istanbul,2025-04-30 03:00:00:00,11.2,88.08,11.5,Bulutlu
Istanbul,2025-04-30 04:00:00:00,11.2,88.68,12.5,Bulutlu
Istanbul,2025-04-30 05:00:00:00,11.2,89.27,13.4,Bulutlu
Istanbul,2025-04-30 06:00:00:00,11.2,89.88,14.4,Bulutlu
Istanbul,2025-04-30 07:00:00:00,11.2,90.48,13.8,Bulutlu
Istanbul,2025-04-30 08:00:00:00,11.2,91.09,13.2,Bulutlu
Istanbul,2025-04-30 09:00:00:00,11.2,91.7,12.6,Bulutlu
Istanbul,2025-04-30 10:00:00:00,11.5,90.5,14.0,Bulutlu
Istanbul,2025-04-30 11:00:00:00,11.8,89.33,15.5,Bulutlu
Istanbul,2025-04-30 12:00:00:00,12.2,88.17,16.9,Bulutlu
Istanbul,2025-04-30 13:00:00:00,12.9,84.97,17.4,Bulutlu
Istanbul,2025-04-30 14:00:00:00,13.7,81.91,17.9,Bulutlu
Istanbul,2025-04-30 15:00:00:00,14.5,78.99,18.4,Bulutlu
Istanbul,2025-04-30 16:00:00:00,13.9,81.04,18.6,Bulutlu
Istanbul,2025-04-30 17:00:00:00,13.4,83.16,18.8,Bulutlu
Istanbul,2025-04-30 18:00:00:00,12.9,85.34,19.1,Bulutlu
Istanbul,2025-04-30 19:00:00:00,12.6,87.04,19.7,Bulutlu
Istanbul,2025-04-30 20:00:00:00,12.3,88.77,20.3,Bulutlu
Istanbul,2025-04-30 21:00:00:00,12.0,90.54,20.9,Bulutlu
Istanbul,2025-04-30 22:00:00:00,11.9,90.73,20.5,Bulutlu
Istanbul,2025-04-30 23:00:00:00,11.8,90.93,20.2,Bulutlu
Istanbul,2025-05-01 00:00:00:00,11.8,91.13,19.8,Bulutlu
Istanbul,2025-05-01 01:00:00:00,11.7,90.72,18.1,Bulutlu
Istanbul,2025-05-01 02:00:00:00,11.6,90.31,16.4,Bulutlu
Istanbul,2025-05-01 03:00:00:00,11.6,89.91,14.8,Bulutlu
Istanbul,2025-05-01 04:00:00:00,11.4,87.91,16.9,Bulutlu
Istanbul,2025-05-01 05:00:00:00,11.4,85.95,19.1,Bulutlu
Istanbul,2025-05-01 06:00:00:00,11.3,84.03,21.2,Bulutlu
Istanbul,2025-05-01 07:00:00:00,11.3,84.98,20.8,Bulutlu
Istanbul,2025-05-01 08:00:00:00,11.3,85.95,20.3,Bulutlu
Istanbul,2025-05-01 09:00:00:00,11.4,86.92,19.8,Bulutlu
Istanbul,2025-05-01 10:00:00:00,11.2,87.69,20.8,Bulutlu
Istanbul,2025-05-01 11:00:00:00,11.1,88.47,21.7,Bulutlu
Istanbul,2025-05-01 12:00:00:00,11.0,89.26,22.7,Bulutlu
Istanbul,2025-05-01 13:00:00:00,10.7,89.24,22.7,Bulutlu
Istanbul,2025-05-01 14:00:00:00,10.5,89.22,22.7,Bulutlu
Istanbul,2025-05-01 15:00:00:00,10.3,89.2,22.7,Bulutlu
Istanbul,2025-05-01 16:00:00:00,10.1,86.99,23.2,Bulutlu
Istanbul,2025-05-01 17:00:00:00,9.9,84.83,23.6,Bulutlu
Istanbul,2025-05-01 18:00:00:00,9.7,82.7,24.1,Bulutlu
Istanbul,2025-05-01 19:00:00:00,9.6,80.82,22.7,Bulutlu
Istanbul,2025-05-01 20:00:00:00,9.6,78.98,21.2,Bulutlu
Istanbul,2025-05-01 21:00:00:00,9.6,77.18,19.8,Bulutlu
Istanbul,2025-05-01 22:00:00:00,9.3,76.95,15.6,Bulutlu
Istanbul,2025-05-01 23:00:00:00,9.0,76.73,11.4,Parçalı Bulutlu
Istanbul,2025-05-02 00:00:00:00,8.7,76.5,7.2,Parçalı Bulutlu
Istanbul,2025-05-02 01:00:00:00,8.7,76.15,6.5,Parçalı Bulutlu
Istanbul,2025-05-02 02:00:00:00,8.7,75.8,5.8,Parçalı Bulutlu
Istanbul,2025-05-02 03:00:00:00,8.8,75.46,5.0,Bulutlu
Istanbul,2025-05-02 04:00:00:00,8.7,75.44,5.5,Parçalı Bulutlu
Istanbul,2025-05-02 05:00:00:00,8.6,75.42,6.0,Parçalı Bulutlu
Istanbul,2025-05-02 06:00:00:00,8.5,75.41,6.5,Parçalı Bulutlu
Istanbul,2025-05-02 07:00:00:00,9.1,71.42,7.3,Parçalı Bulutlu
Istanbul,2025-05-02 08:00:00:00,9.8,67.65,8.2,Parçalı Bulutlu
Istanbul,2025-05-02 09:00:00:00,10.5,64.1,9.0,Parçalı Bulutlu
Istanbul,2025-05-02 10:00:00:00,11.7,57.55,8.4,Parçalı Bulutlu
Istanbul,2025-05-02 11:00:00:00,12.9,51.71,7.8,Açık
Istanbul,2025-05-02 12:00:00:00,14.1,46.49,7.2,Açık
Istanbul,2025-05-02 13:00:00:00,14.5,46.18,5.3,Açık
Istanbul,2025-05-02 14:00:00:00,15.0,45.88,3.4,Açık
Istanbul,2025-05-02 15:00:00:00,15.5,45.58,1.4,Açık
Istanbul,2025-05-02 16:00:00:00,15.3,46.95,7.0,Açık
Istanbul,2025-05-02 17:00:00:00,15.2,48.36,12.5,Açık
Istanbul,2025-05-02 18:00:00:00,15.1,49.81,18.0,Açık
Istanbul,2025-05-02 19:00:00:00,13.9,52.98,17.6,Açık
Istanbul,2025-05-02 20:00:00:00,12.8,56.38,17.3,Açık
Istanbul,2025-05-02 21:00:00:00,11.7,60.03,16.9,Açık
Istanbul,2025-05-02 22:00:00:00,11.3,59.38,15.0,Parçalı Bulutlu
Istanbul,2025-05-02 23:00:00:00,10.9,58.74,13.1,Parçalı Bulutlu
Istanbul,2025-05-03 00:00:00:00,10.6,58.09,11.2,Parçalı Bulutlu
Istanbul,2025-05-03 01:00:00:00,10.3,58.85,10.9,Bulutlu
Istanbul,2025-05-03 02:00:00:00,10.0,59.63,10.7,Bulutlu
Istanbul,2025-05-03 03:00:00:00,9.8,60.42,10.4,Bulutlu
Istanbul,2025-05-03 04:00:00:00,9.7,60.54,10.4,Bulutlu
Istanbul,2025-05-03 05:00:00:00,9.6,60.67,10.4,Bulutlu
Istanbul,2025-05-03 06:00:00:00,9.6,60.8,10.4,Bulutlu
Istanbul,2025-05-03 07:00:00:00,10.6,56.48,12.1,Bulutlu
Istanbul,2025-05-03 08:00:00:00,11.7,52.5,13.8,Bulutlu
Istanbul,2025-05-03 09:00:00:00,12.8,48.83,15.5,Bulutlu
Istanbul,2025-05-03 10:00:00:00,13.8,47.41,16.7,Bulutlu
Istanbul,2025-05-03 11:00:00:00,14.8,46.05,17.9,Bulutlu
Istanbul,2025-05-03 12:00:00:00,15.9,44.74,19.1,Bulutlu
Istanbul,2025-05-03 13:00:00:00,15.7,45.34,20.4,Bulutlu
Istanbul,2025-05-03 14:00:00:00,15.6,45.94,21.7,Bulutlu
Istanbul,2025-05-03 15:00:00:00,15.5,46.55,23.0,Bulutlu
Istanbul,2025-05-03 16:00:00:00,14.9,49.41,23.3,Bulutlu
Istanbul,2025-05-03 17:00:00:00,14.3,52.45,23.5,Bulutlu
Istanbul,2025-05-03 18:00:00:00,13.7,55.69,23.8,Bulutlu
Istanbul,2025-05-03 19:00:00:00,13.0,60.07,22.0,Parçalı Bulutlu
Istanbul,2025-05-03 20:00:00:00,12.3,64.81,20.2,Parçalı Bulutlu
Istanbul,2025-05-03 21:00:00:00,11.6,69.93,18.4,Parçalı Bulutlu
Istanbul,2025-05-03 22:00:00:00,11.3,71.66,16.9,Parçalı Bulutlu
Istanbul,2025-05-03 23:00:00:00,11.0,73.43,15.5,Parçalı Bulutlu
Istanbul,2025-05-04 00:00:00:00,10.7,75.26,14.0,Açık
Istanbul,2025-05-04 01:00:00:00,10.4,76.96,12.7,Parçalı Bulutlu
Istanbul,2025-05-04 02:00:00:00,10.2,78.71,11.4,Parçalı Bulutlu
Istanbul,2025-05-04 03:00:00:00,10.0,80.5,10.1,Parçalı Bulutlu
Istanbul,2025-05-04 04:00:00:00,9.9,79.76,10.6,Parçalı Bulutlu
Istanbul,2025-05-04 05:00:00:00,9.9,79.03,11.0,Parçalı Bulutlu
Istanbul,2025-05-04 06:00:00:00,9.9,78.3,11.5,Bulutlu
Istanbul,2025-05-04 07:00:00:00,10.2,79.25,12.5,Bulutlu
Istanbul,2025-05-04 08:00:00:00,10.4,80.2,13.4,Bulutlu
Istanbul,2025-05-04 09:00:00:00,10.8,81.16,14.4,Bulutlu
Istanbul,2025-05-04 10:00:00:00,11.3,78.33,17.0,Bulutlu
Istanbul,2025-05-04 11:00:00:00,11.8,75.62,19.7,Bulutlu
Istanbul,2025-05-04 12:00:00:00,12.3,73.0,22.3,Bulutlu
Istanbul,2025-05-04 13:00:00:00,12.8,67.66,22.2,Bulutlu
Istanbul,2025-05-04 14:00:00:00,13.3,62.7,22.1,Bulutlu
Istanbul,2025-05-04 15:00:00:00,13.9,58.11,22.0,Bulutlu
Istanbul,2025-05-04 16:00:00:00,13.6,56.98,22.1,Parçalı Bulutlu
Istanbul,2025-05-04 17:00:00:00,13.3,55.86,22.2,Parçalı Bulutlu
Istanbul,2025-05-04 18:00:00:00,13.1,54.76,22.3,Açık
Istanbul,2025-05-04 19:00:00:00,12.3,57.44,20.5,Açık
Istanbul,2025-05-04 20:00:00:00,11.5,60.26,18.7,Açık
Istanbul,2025-05-04 21:00:00:00,10.7,63.25,16.9,Açık
Istanbul,2025-05-04 22:00:00:00,10.3,64.82,14.9,Açık
Istanbul,2025-05-04 23:00:00:00,10.0,66.44,12.8,Açık
Istanbul,2025-05-05 00:00:00:00,9.7,68.1,10.8,Açık
Istanbul,2025-05-05 01:00:00:00,9.4,69.33,10.2,Açık
Istanbul,2025-05-05 02:00:00:00,9.1,70.59,9.6,Açık
Istanbul,2025-05-05 03:00:00:00,8.9,71.87,9.0,Açık
Istanbul,2025-05-05 04:00:00:00,8.7,73.02,9.1,Açık
Istanbul,2025-05-05 05:00:00:00,8.4,74.18,9.2,Açık
Istanbul,2025-05-05 06:00:00:00,8.3,75.37,9.4,Açık
Istanbul,2025-05-05 07:00:00:00,9.4,72.8,10.8,Açık
Istanbul,2025-05-05 08:00:00:00,10.4,70.36,12.2,Açık
Istanbul,2025-05-05 09:00:00:00,11.6,68.02,13.7,Açık
Istanbul,2025-05-05 10:00:00:00,12.9,59.22,12.2,Açık
Istanbul,2025-05-05 11:00:00:00,14.2,51.58,10.8,Açık
Istanbul,2025-05-05 12:00:00:00,15.5,44.95,9.4,Açık
Istanbul,2025-05-05 13:00:00:00,15.9,45.17,9.1,Açık
Istanbul,2025-05-05 14:00:00:00,16.3,45.38,8.9,Açık
Istanbul,2025-05-05 15:00:00:00,16.7,45.6,8.6,Açık
Istanbul,2025-05-05 16:00:00:00,16.2,48.09,13.0,Açık
Istanbul,2025-05-05 17:00:00:00,15.8,50.71,17.3,Açık
Istanbul,2025-05-05 18:00:00:00,15.4,53.48,21.6,Açık
Istanbul,2025-05-05 19:00:00:00,14.2,58.33,21.0,Parçalı Bulutlu
Istanbul,2025-05-05 20:00:00:00,13.1,63.66,20.4,Parçalı Bulutlu
Istanbul,2025-05-05 21:00:00:00,12.0,69.53,19.8,Bulutlu
Istanbul,2025-05-05 22:00:00:00,11.6,72.22,18.5,Parçalı Bulutlu
Istanbul,2025-05-05 23:00:00:00,11.2,75.01,17.2,Parçalı Bulutlu
Istanbul,2025-05-06 00:00:00:00,10.9,77.92,15.8,Parçalı Bulutlu
Istanbul,2025-05-06 01:00:00:00,10.7,79.15,14.5,Parçalı Bulutlu
Istanbul,2025-05-06 02:00:00:00,10.5,80.4,13.2,Parçalı Bulutlu
Istanbul,2025-05-06 03:00:00:00,10.4,81.66,11.9,Açık
Istanbul,2025-05-06 04:00:00:00,10.2,83.33,11.3,Parçalı Bulutlu
Istanbul,2025-05-06 05:00:00:00,9.9,85.03,10.7,Parçalı Bulutlu
Istanbul,2025-05-06 06:00:00:00,9.8,86.77,10.1,Parçalı Bulutlu
Istanbul,2025-05-06 07:00:00:00,10.9,80.45,9.6,Parçalı Bulutlu
Istanbul,2025-05-06 08:00:00:00,12.1,74.65,9.1,Parçalı Bulutlu
Istanbul,2025-05-06 09:00:00:00,13.3,69.31,8.6,Parçalı Bulutlu
Istanbul,2025-05-06 10:00:00:00,14.7,63.16,6.5,Parçalı Bulutlu
Istanbul,2025-05-06 11:00:00:00,16.1,57.61,4.3,Parçalı Bulutlu
Istanbul,2025-05-06 12:00:00:00,17.6,52.61,2.2,Açık
Istanbul,2025-05-06 13:00:00:00,17.9,52.34,3.0,Parçalı Bulutlu
Istanbul,2025-05-06 14:00:00:00,18.2,52.07,3.8,Parçalı Bulutlu
Istanbul,2025-05-06 15:00:00:00,18.6,51.81,4.7,Bulutlu
Istanbul,2025-05-06 16:00:00:00,18.2,54.59,7.4,Bulutlu
Istanbul,2025-05-06 17:00:00:00,17.8,57.52,10.2,Bulutlu
Istanbul,2025-05-06 18:00:00:00,17.5,60.6,13.0,Bulutlu
Istanbul,2025-05-06 19:00:00:00,16.5,63.56,12.6,Bulutlu
Istanbul,2025-05-06 20:00:00:00,15.5,66.7,12.2,Bulutlu
Istanbul,2025-05-06 21:00:00:00,14.5,70.02,11.9,Bulutlu
Istanbul,2025-05-06 22:00:00:00,14.1,71.7,11.3,Bulutlu
Istanbul,2025-05-06 23:00:00:00,13.7,73.43,10.7,Bulutlu
Ankara,2025-04-22 00:00:00:00,10.0,63.43,5.4,Bulutlu
Ankara,2025-04-22 01:00:00:00,9.0,64.9,5.3,Bulutlu
Ankara,2025-04-22 02:00:00:00,8.3,70.76,6.1,Bulutlu
Ankara,2025-04-22 03:00:00:00,7.0,74.36,4.7,Bulutlu
Ankara,2025-04-22 04:00:00:00,7.3,74.42,4.0,Bulutlu
Ankara,2025-04-22 05:00:00:00,7.1,75.7,3.2,Bulutlu
Ankara,2025-04-22 06:00:00:00,8.3,67.7,4.3,Parçalı Bulutlu
Ankara,2025-04-22 07:00:00:00,7.7,75.81,4.7,Parçalı Bulutlu
Ankara,2025-04-22 08:00:00:00,10.5,65.8,4.6,Parçalı Bulutlu
Ankara,2025-04-22 09:00:00:00,13.5,57.9,5.1,Parçalı Bulutlu
Ankara,2025-04-22 10:00:00:00,16.7,49.06,2.5,Parçalı Bulutlu
Ankara,2025-04-22 11:00:00:00,20.0,38.32,4.7,Parçalı Bulutlu
Ankara,2025-04-22 12:00:00:00,21.3,33.42,6.2,Parçalı Bulutlu
Ankara,2025-04-22 13:00:00:00,23.0,28.97,5.4,"Yağmur, Parçalı Bulutlu"
Ankara,2025-04-22 14:00:00:00,23.7,29.69,9.4,Parçalı Bulutlu
Ankara,2025-04-22 15:00:00:00,23.7,28.93,12.3,"Yağmur, Parçalı Bulutlu"
Ankara,2025-04-22 16:00:00:00,24.1,26.37,8.2,Parçalı Bulutlu
Ankara,2025-04-22 17:00:00:00,22.2,28.76,31.6,"Yağmur, Parçalı Bulutlu"
Ankara,2025-04-22 18:00:00:00,19.6,37.88,27.8,Parçalı Bulutlu
Ankara,2025-04-22 19:00:00:00,18.5,42.44,23.4,"Yağmur, Parçalı Bulutlu"
Ankara,2025-04-22 20:00:00:00,14.0,62.7,14.8,"Yağmur, Parçalı Bulutlu"
Ankara,2025-04-22 21:00:00:00,15.5,56.43,3.6,Parçalı Bulutlu
Ankara,2025-04-22 22:00:00:00,15.5,56.43,6.9,Parçalı Bulutlu
Ankara,2025-04-22 23:00:00:00,13.7,60.93,4.3,"Yağmur, Bulutlu"
Ankara,2025-04-23 00:00:00:00,12.6,65.02,4.0,"Yağmur, Bulutlu"
Ankara,2025-04-23 01:00:00:00,12.0,68.11,7.2,"Yağmur, Bulutlu"
Ankara,2025-04-23 02:00:00:00,11.9,76.5,3.6,"Yağmur, Bulutlu"
Ankara,2025-04-23 03:00:00:00,11.9,79.68,4.3,"Yağmur, Bulutlu"
Ankara,2025-04-23 04:00:00:00,11.6,82.38,2.9,"Yağmur, Parçalı Bulutlu"
Ankara,2025-04-23 05:00:00:00,10.6,86.84,3.2,"Yağmur, Parçalı Bulutlu"
Ankara,2025-04-23 06:00:00:00,9.8,89.77,4.3,"Yağmur, Parçalı Bulutlu"
Ankara,2025-04-23 07:00:00:00,10.1,87.39,4.3,"Yağmur, Bulutlu"
Ankara,2025-04-23 08:00:00:00,12.2,85.27,2.9,"Yağmur, Bulutlu"
Ankara,2025-04-23 09:00:00:00,14.0,74.3,1.4,"Yağmur, Bulutlu"
Ankara,2025-04-23 10:00:00:00,15.7,66.14,5.0,"Yağmur, Bulutlu"
Ankara,2025-04-23 11:00:00:00,17.2,57.74,5.0,"Yağmur, Bulutlu"
Ankara,2025-04-23 12:00:00:00,18.3,53.15,4.0,"Yağmur, Bulutlu"
Ankara,2025-04-23 13:00:00:00,18.9,50.84,3.2,"Yağmur, Bulutlu"
Ankara,2025-04-23 14:00:00:00,19.9,48.1,3.6,"Yağmur, Bulutlu"
Ankara,2025-04-23 15:00:00:00,20.2,48.18,7.6,"Yağmur, Bulutlu"
Ankara,2025-04-23 16:00:00:00,19.7,50.04,7.9,"Yağmur, Bulutlu"
Ankara,2025-04-23 17:00:00:00,15.7,76.59,5.0,"Yağmur, Bulutlu"
Ankara,2025-04-23 18:00:00:00,15.0,78.54,5.8,"Yağmur, Bulutlu"
Ankara,2025-04-23 19:00:00:00,14.8,77.99,3.6,"Yağmur, Bulutlu"
Ankara,2025-04-23 20:00:00:00,14.0,82.13,3.6,"Yağmur, Bulutlu"
Ankara,2025-04-23 21:00:00:00,13.4,84.27,2.9,"Yağmur, Bulutlu"
Ankara,2025-04-23 22:00:00:00,12.6,86.46,3.2,Bulutlu
Ankara,2025-04-23 23:00:00:00,11.7,88.72,4.3,Bulutlu
Ankara,2025-04-24 00:00:00:00,10.6,91.66,4.3,Parçalı Bulutlu
Ankara,2025-04-24 01:00:00:00,10.1,91.63,4.3,Parçalı Bulutlu
Ankara,2025-04-24 02:00:00:00,9.5,92.22,4.3,Açık
Ankara,2025-04-24 03:00:00:00,9.2,90.95,4.3,Parçalı Bulutlu
Ankara,2025-04-24 04:00:00:00,9.0,90.94,4.3,Açık
Ankara,2025-04-24 05:00:00:00,8.7,91.54,4.7,Açık
Ankara,2025-04-24 06:00:00:00,8.2,92.77,4.3,Parçalı Bulutlu
Ankara,2025-04-24 07:00:00:00,8.8,91.55,4.3,Açık
Ankara,2025-04-24 08:00:00:00,11.7,86.95,1.1,Açık
Ankara,2025-04-24 09:00:00:00,13.9,77.85,5.4,Parçalı Bulutlu
Ankara,2025-04-24 10:00:00:00,16.1,66.68,5.4,"Yağmur, Parçalı Bulutlu"
Ankara,2025-04-24 11:00:00:00,17.4,59.77,5.8,"Yağmur, Bulutlu"
Ankara,2025-04-24 12:00:00:00,18.4,56.88,6.8,"Yağmur, Bulutlu"
Ankara,2025-04-24 13:00:00:00,18.2,58.38,7.2,"Yağmur, Bulutlu"
Ankara,2025-04-24 14:00:00:00,18.0,59.91,8.6,"Yağmur, Bulutlu"
Ankara,2025-04-24 15:00:00:00,17.8,60.67,9.4,"Yağmur, Bulutlu"
Ankara,2025-04-24 16:00:00:00,16.3,72.74,10.8,"Yağmur, Bulutlu"
Ankara,2025-04-24 17:00:00:00,12.1,66.73,6.8,"Yağmur, Bulutlu"
Ankara,2025-04-24 18:00:00:00,11.3,79.05,7.6,"Yağmur, Bulutlu"
Ankara,2025-04-24 19:00:00:00,11.2,80.67,1.4,"Yağmur, Bulutlu"
Ankara,2025-04-24 20:00:00:00,10.8,85.7,1.8,"Yağmur, Bulutlu"
Ankara,2025-04-24 21:00:00:00,10.9,84.55,1.1,"Yağmur, Bulutlu"
Ankara,2025-04-24 22:00:00:00,11.0,86.88,4.0,"Yağmur, Bulutlu"
Ankara,2025-04-24 23:00:00:00,10.9,86.87,8.6,"Yağmur, Bulutlu"
Ankara,2025-04-25 00:00:00:00,10.7,86.85,11.5,"Yağmur, Bulutlu"
Ankara,2025-04-25 01:00:00:00,10.5,86.83,14.8,"Yağmur, Bulutlu"
Ankara,2025-04-25 02:00:00:00,10.2,87.99,15.5,"Yağmur, Bulutlu"
Ankara,2025-04-25 03:00:00:00,9.9,87.37,14.4,"Yağmur, Bulutlu"
Ankara,2025-04-25 04:00:00:00,9.5,92.22,16.2,"Yağmur, Bulutlu"
Ankara,2025-04-25 05:00:00:00,8.8,86.67,3.6,"Yağmur, Bulutlu"
Ankara,2025-04-25 06:00:00:00,8.1,83.07,13.0,"Yağmur, Bulutlu"
Ankara,2025-04-25 07:00:00:00,7.5,81.28,13.7,"Yağmur, Bulutlu"
Ankara,2025-04-25 08:00:00:00,7.9,80.77,14.0,"Yağmur, Bulutlu"
Ankara,2025-04-25 09:00:00:00,8.7,78.66,15.1,"Yağmur, Bulutlu"
Ankara,2025-04-25 10:00:00:00,9.6,73.52,15.8,"Yağmur, Bulutlu"
Ankara,2025-04-25 11:00:00:00,10.3,68.7,14.8,"Yağmur, Bulutlu"
Ankara,2025-04-25 12:00:00:00,10.6,70.21,13.0,"Yağmur, Parçalı Bulutlu"
Ankara,2025-04-25 13:00:00:00,12.2,62.72,11.2,"Yağmur, Bulutlu"
Ankara,2025-04-25 14:00:00:00,14.2,52.06,10.1,"Yağmur, Parçalı Bulutlu"
Ankara,2025-04-25 15:00:00:00,15.7,46.28,10.4,"Yağmur, Parçalı Bulutlu"
Ankara,2025-04-25 16:00:00:00,15.2,48.71,9.8,Parçalı Bulutlu
Ankara,2025-04-25 17:00:00:00,14.8,51.27,9.2,Parçalı Bulutlu
Ankara,2025-04-25 18:00:00:00,14.4,53.96,8.6,Bulutlu
Ankara,2025-04-25 19:00:00:00,13.3,60.84,7.2,Bulutlu
Ankara,2025-04-25 20:00:00:00,12.2,68.62,5.8,Bulutlu
Ankara,2025-04-25 21:00:00:00,11.1,77.42,4.3,Bulutlu
Ankara,2025-04-25 22:00:00:00,10.1,79.42,4.6,Parçalı Bulutlu
Ankara,2025-04-25 23:00:00:00,9.1,81.49,4.8,Parçalı Bulutlu
Ankara,2025-04-26 00:00:00:00,8.1,83.65,5.0,Parçalı Bulutlu
Ankara,2025-04-26 01:00:00:00,7.9,83.63,5.0,Parçalı Bulutlu
Ankara,2025-04-26 02:00:00:00,7.7,83.61,5.0,Parçalı Bulutlu
Ankara,2025-04-26 03:00:00:00,7.6,83.59,5.0,Bulutlu
Ankara,2025-04-26 04:00:00:00,7.5,83.78,4.1,Bulutlu
Ankara,2025-04-26 05:00:00:00,7.4,83.97,3.1,Bulutlu
Ankara,2025-04-26 06:00:00:00,7.4,84.15,2.2,Bulutlu
Ankara,2025-04-26 07:00:00:00,8.6,81.44,2.5,Bulutlu
Ankara,2025-04-26 08:00:00:00,9.9,78.85,2.9,Bulutlu
Ankara,2025-04-26 09:00:00:00,11.2,76.38,3.2,Parçalı Bulutlu
Ankara,2025-04-26 10:00:00:00,12.4,68.04,4.7,"Yağmur, Parçalı Bulutlu"
Ankara,2025-04-26 11:00:00:00,13.6,60.65,6.1,"Yağmur, Parçalı Bulutlu"
Ankara,2025-04-26 12:00:00:00,14.9,54.09,7.6,"Yağmur, Bulutlu"
Ankara,2025-04-26 13:00:00:00,15.3,52.11,9.2,"Yağmur, Parçalı Bulutlu"
Ankara,2025-04-26 14:00:00:00,15.7,50.21,10.9,"Yağmur, Parçalı Bulutlu"
Ankara,2025-04-26 15:00:00:00,16.1,48.38,12.6,"Yağmur, Parçalı Bulutlu"
Ankara,2025-04-26 16:00:00:00,16.2,46.88,10.2,"Yağmur, Parçalı Bulutlu"
Ankara,2025-04-26 17:00:00:00,16.4,45.42,7.8,"Yağmur, Parçalı Bulutlu"
Ankara,2025-04-26 18:00:00:00,16.6,44.01,5.4,"Yağmur, Parçalı Bulutlu"
Ankara,2025-04-26 19:00:00:00,15.3,48.62,5.2,"Yağmur, Parçalı Bulutlu"
Ankara,2025-04-26 20:00:00:00,14.0,53.75,4.9,"Yağmur, Parçalı Bulutlu"
Ankara,2025-04-26 21:00:00:00,12.8,59.47,4.7,"Yağmur, Parçalı Bulutlu"
Ankara,2025-04-26 22:00:00:00,11.9,65.94,4.6,Parçalı Bulutlu
Ankara,2025-04-26 23:00:00:00,11.1,73.12,4.4,Parçalı Bulutlu
Ankara,2025-04-27 00:00:00:00,10.3,81.1,4.3,Açık
Ankara,2025-04-27 01:00:00:00,9.4,83.43,4.3,Parçalı Bulutlu
Ankara,2025-04-27 02:00:00:00,8.5,85.85,4.3,Parçalı Bulutlu
Ankara,2025-04-27 03:00:00:00,7.7,88.38,4.3,Parçalı Bulutlu
Ankara,2025-04-27 04:00:00:00,7.5,88.36,4.3,Parçalı Bulutlu
Ankara,2025-04-27 05:00:00:00,7.4,88.35,4.3,Parçalı Bulutlu
Ankara,2025-04-27 06:00:00:00,7.3,88.34,4.3,Parçalı Bulutlu
Ankara,2025-04-27 07:00:00:00,9.5,74.02,3.6,Açık
Ankara,2025-04-27 08:00:00:00,11.4,63.41,4.7,Açık
Ankara,2025-04-27 09:00:00:00,13.3,54.05,4.3,Açık
Ankara,2025-04-27 10:00:00:00,14.9,46.38,6.5,Yağmur
Ankara,2025-04-27 11:00:00:00,16.3,42.11,8.6,Yağmur
Ankara,2025-04-27 12:00:00:00,17.4,38.99,8.6,Yağmur
Ankara,2025-04-27 13:00:00:00,18.5,35.88,7.6,"Yağmur, Parçalı Bulutlu"
Ankara,2025-04-27 14:00:00:00,19.2,33.86,6.5,"Yağmur, Bulutlu"
Ankara,2025-04-27 15:00:00:00,19.2,33.14,9.0,"Yağmur, Bulutlu"
Ankara,2025-04-27 16:00:00:00,18.9,34.68,11.4,"Yağmur, Bulutlu"
Ankara,2025-04-27 17:00:00:00,18.7,36.28,13.8,"Yağmur, Bulutlu"
Ankara,2025-04-27 18:00:00:00,18.5,37.96,16.2,"Yağmur, Bulutlu"
Ankara,2025-04-27 19:00:00:00,17.1,44.25,13.3,"Yağmur, Parçalı Bulutlu"
Ankara,2025-04-27 20:00:00:00,15.7,51.62,10.4,"Yağmur, Parçalı Bulutlu"
Ankara,2025-04-27 21:00:00:00,14.3,60.24,7.6,"Yağmur, Parçalı Bulutlu"
Ankara,2025-04-27 22:00:00:00,13.6,63.04,8.2,Parçalı Bulutlu
Ankara,2025-04-27 23:00:00:00,12.9,65.99,8.8,Bulutlu
Ankara,2025-04-28 00:00:00:00,12.2,69.09,9.4,Bulutlu
Ankara,2025-04-28 01:00:00:00,11.9,70.64,10.2,Bulutlu
Ankara,2025-04-28 02:00:00:00,11.6,72.22,11.0,Bulutlu
Ankara,2025-04-28 03:00:00:00,11.4,73.84,11.9,Bulutlu
Ankara,2025-04-28 04:00:00:00,10.6,78.06,11.6,Bulutlu
Ankara,2025-04-28 05:00:00:00,9.8,82.53,11.4,Bulutlu
Ankara,2025-04-28 06:00:00:00,9.1,87.29,11.2,Bulutlu
Ankara,2025-04-28 07:00:00:00,10.5,79.48,11.5,Parçalı Bulutlu
Ankara,2025-04-28 08:00:00:00,11.9,72.44,11.9,Parçalı Bulutlu
Ankara,2025-04-28 09:00:00:00,13.4,66.1,12.2,Parçalı Bulutlu
Ankara,2025-04-28 10:00:00:00,14.7,60.07,13.2,Parçalı Bulutlu
Ankara,2025-04-28 11:00:00:00,16.0,54.65,14.2,Parçalı Bulutlu
Ankara,2025-04-28 12:00:00:00,17.4,49.75,15.1,Bulutlu
Ankara,2025-04-28 13:00:00:00,18.1,46.53,14.2,Bulutlu
Ankara,2025-04-28 14:00:00:00,18.8,43.52,13.2,Bulutlu
Ankara,2025-04-28 15:00:00:00,19.5,40.71,12.2,Bulutlu
Ankara,2025-04-28 16:00:00:00,19.0,42.3,13.1,Bulutlu
Ankara,2025-04-28 17:00:00:00,18.5,43.96,13.9,Bulutlu
Ankara,2025-04-28 18:00:00:00,18.1,45.68,14.8,Parçalı Bulutlu
Ankara,2025-04-28 19:00:00:00,16.4,50.54,13.6,Parçalı Bulutlu
Ankara,2025-04-28 20:00:00:00,14.9,55.99,12.4,Parçalı Bulutlu
Ankara,2025-04-28 21:00:00:00,13.3,62.11,11.2,Açık
Ankara,2025-04-28 22:00:00:00,12.6,64.72,10.8,Açık
Ankara,2025-04-28 23:00:00:00,11.9,67.46,10.4,Açık
Ankara,2025-04-29 00:00:00:00,11.2,70.33,10.1,Açık
Ankara,2025-04-29 01:00:00:00,10.7,71.89,9.8,Parçalı Bulutlu
Ankara,2025-04-29 02:00:00:00,10.3,73.48,9.6,Parçalı Bulutlu
Ankara,2025-04-29 03:00:00:00,9.9,75.12,9.4,Parçalı Bulutlu
Ankara,2025-04-29 04:00:00:00,9.5,75.76,8.8,Parçalı Bulutlu
Ankara,2025-04-29 05:00:00:00,9.2,76.41,8.2,Parçalı Bulutlu
Ankara,2025-04-29 06:00:00:00,8.9,77.07,7.6,Parçalı Bulutlu
Ankara,2025-04-29 07:00:00:00,10.7,67.85,7.0,Parçalı Bulutlu
Ankara,2025-04-29 08:00:00:00,12.6,59.84,6.4,Parçalı Bulutlu
Ankara,2025-04-29 09:00:00:00,14.5,52.87,5.8,Açık
Ankara,2025-04-29 10:00:00:00,16.2,45.47,4.3,Parçalı Bulutlu
Ankara,2025-04-29 11:00:00:00,17.9,39.16,2.9,Parçalı Bulutlu
Ankara,2025-04-29 12:00:00:00,19.7,33.76,1.4,Parçalı Bulutlu
Ankara,2025-04-29 13:00:00:00,20.4,32.42,2.2,Parçalı Bulutlu
Ankara,2025-04-29 14:00:00:00,21.1,31.13,2.9,Bulutlu
Ankara,2025-04-29 15:00:00:00,21.9,29.9,3.6,Bulutlu
Ankara,2025-04-29 16:00:00:00,22.0,30.0,3.0,Parçalı Bulutlu
Ankara,2025-04-29 17:00:00:00,22.1,30.1,2.4,Parçalı Bulutlu
Ankara,2025-04-29 18:00:00:00,22.2,30.2,1.8,Parçalı Bulutlu
Ankara,2025-04-29 19:00:00:00,20.4,34.22,3.7,Parçalı Bulutlu
Ankara,2025-04-29 20:00:00:00,18.7,38.83,5.6,Parçalı Bulutlu
Ankara,2025-04-29 21:00:00:00,17.0,44.12,7.6,Açık
Ankara,2025-04-29 22:00:00:00,16.4,46.05,8.3,Parçalı Bulutlu
Ankara,2025-04-29 23:00:00:00,15.8,48.07,9.0,Parçalı Bulutlu
Ankara,2025-04-30 00:00:00:00,15.2,50.19,9.7,Bulutlu
Ankara,2025-04-30 01:00:00:00,14.8,54.08,8.8,Bulutlu
Ankara,2025-04-30 02:00:00:00,14.5,58.26,7.8,Bulutlu
Ankara,2025-04-30 03:00:00:00,14.2,62.75,6.8,Bulutlu
Ankara,2025-04-30 04:00:00:00,13.7,65.41,4.7,Bulutlu
Ankara,2025-04-30 05:00:00:00,13.2,68.2,2.5,Bulutlu
Ankara,2025-04-30 06:00:00:00,12.7,71.11,0.4,Bulutlu
Ankara,2025-04-30 07:00:00:00,14.1,64.18,3.5,Bulutlu
Ankara,2025-04-30 08:00:00:00,15.5,57.99,6.6,Bulutlu
Ankara,2025-04-30 09:00:00:00,17.0,52.45,9.7,Bulutlu
Ankara,2025-04-30 10:00:00:00,18.2,47.96,12.0,"Yağmur, Bulutlu"
Ankara,2025-04-30 11:00:00:00,19.4,43.89,14.3,"Yağmur, Parçalı Bulutlu"
Ankara,2025-04-30 12:00:00:00,20.6,40.19,16.6,"Yağmur, Parçalı Bulutlu"
Ankara,2025-04-30 13:00:00:00,21.3,38.68,19.2,"Yağmur, Parçalı Bulutlu"
Ankara,2025-04-30 14:00:00:00,22.0,37.24,21.8,"Yağmur, Bulutlu"
Ankara,2025-04-30 15:00:00:00,22.8,35.86,24.5,"Yağmur, Bulutlu"
Ankara,2025-04-30 16:00:00:00,21.4,39.96,19.1,"Yağmur, Bulutlu"
Ankara,2025-04-30 17:00:00:00,19.9,44.56,13.7,"Yağmur, Bulutlu"
Ankara,2025-04-30 18:00:00:00,18.6,49.74,8.3,"Yağmur, Bulutlu"
Ankara,2025-04-30 19:00:00:00,17.7,54.09,8.2,"Yağmur, Bulutlu"
Ankara,2025-04-30 20:00:00:00,16.8,58.84,8.0,"Yağmur, Bulutlu"
Ankara,2025-04-30 21:00:00:00,16.0,64.02,7.9,"Yağmur, Bulutlu"
Ankara,2025-04-30 22:00:00:00,14.9,70.42,7.6,Parçalı Bulutlu
Ankara,2025-04-30 23:00:00:00,13.8,77.49,7.2,Parçalı Bulutlu
Ankara,2025-05-01 00:00:00:00,12.7,85.32,6.8,Parçalı Bulutlu
Ankara,2025-05-01 01:00:00:00,12.4,85.68,9.1,Parçalı Bulutlu
Ankara,2025-05-01 02:00:00:00,12.2,86.04,11.4,Parçalı Bulutlu
Ankara,2025-05-01 03:00:00:00,12.0,86.4,13.7,Açık
Ankara,2025-05-01 04:00:00:00,11.9,86.97,11.4,Parçalı Bulutlu
Ankara,2025-05-01 05:00:00:00,11.8,87.55,9.1,Parçalı Bulutlu
Ankara,2025-05-01 06:00:00:00,11.7,88.13,6.8,Bulutlu
Ankara,2025-05-01 07:00:00:00,13.2,80.04,6.7,Bulutlu
Ankara,2025-05-01 08:00:00:00,14.7,72.78,6.6,Bulutlu
Ankara,2025-05-01 09:00:00:00,16.2,66.25,6.5,Bulutlu
Ankara,2025-05-01 10:00:00:00,17.6,57.32,6.8,"Yağmur, Parçalı Bulutlu"
Ankara,2025-05-01 11:00:00:00,19.0,49.62,7.2,"Yağmur, Parçalı Bulutlu"
Ankara,2025-05-01 12:00:00:00,20.4,42.98,7.6,"Yağmur, Parçalı Bulutlu"
Ankara,2025-05-01 13:00:00:00,19.3,48.26,15.1,"Yağmur, Parçalı Bulutlu"
Ankara,2025-05-01 14:00:00:00,18.2,54.21,22.7,"Yağmur, Parçalı Bulutlu"
Ankara,2025-05-01 15:00:00:00,17.1,60.91,30.2,"Yağmur, Parçalı Bulutlu"
Ankara,2025-05-01 16:00:00:00,15.4,63.18,28.7,"Yağmur, Parçalı Bulutlu"
Ankara,2025-05-01 17:00:00:00,13.8,65.59,27.1,"Yağmur, Parçalı Bulutlu"
Ankara,2025-05-01 18:00:00:00,12.2,68.15,25.6,"Yağmur, Bulutlu"
Ankara,2025-05-01 19:00:00:00,10.9,70.44,24.1,"Yağmur, Bulutlu"
Ankara,2025-05-01 20:00:00:00,9.6,72.85,22.7,"Yağmur, Parçalı Bulutlu"
Ankara,2025-05-01 21:00:00:00,8.4,75.39,21.2,"Yağmur, Parçalı Bulutlu"
Ankara,2025-05-01 22:00:00:00,8.4,74.17,19.7,Parçalı Bulutlu
Ankara,2025-05-01 23:00:00:00,8.4,72.97,18.1,Parçalı Bulutlu
Ankara,2025-05-02 00:00:00:00,8.5,71.79,16.6,Bulutlu
Ankara,2025-05-02 01:00:00:00,7.8,73.88,15.2,Bulutlu
Ankara,2025-05-02 02:00:00:00,7.1,76.06,13.9,Bulutlu
Ankara,2025-05-02 03:00:00:00,6.4,78.31,12.6,Bulutlu
Ankara,2025-05-02 04:00:00:00,6.7,75.81,12.5,Bulutlu
Ankara,2025-05-02 05:00:00:00,6.9,73.39,12.4,Bulutlu
Ankara,2025-05-02 06:00:00:00,7.3,71.05,12.2,Bulutlu
Ankara,2025-05-02 07:00:00:00,7.7,68.32,11.6,Bulutlu
Ankara,2025-05-02 08:00:00:00,8.1,65.7,11.0,Bulutlu
Ankara,2025-05-02 09:00:00:00,8.5,63.19,10.4,Bulutlu
Ankara,2025-05-02 10:00:00:00,8.9,61.08,9.1,Bulutlu
Ankara,2025-05-02 11:00:00:00,9.4,59.05,7.8,Bulutlu
Ankara,2025-05-02 12:00:00:00,9.9,57.09,6.5,Bulutlu
Ankara,2025-05-02 13:00:00:00,10.7,54.66,6.8,Bulutlu
Ankara,2025-05-02 14:00:00:00,11.6,52.35,7.2,Bulutlu
Ankara,2025-05-02 15:00:00:00,12.5,50.15,7.6,Bulutlu
Ankara,2025-05-02 16:00:00:00,12.3,50.94,8.6,Parçalı Bulutlu
Ankara,2025-05-02 17:00:00:00,12.1,51.73,9.7,Parçalı Bulutlu
Ankara,2025-05-02 18:00:00:00,11.9,52.55,10.8,Parçalı Bulutlu
Ankara,2025-05-02 19:00:00:00,10.8,55.73,7.9,Parçalı Bulutlu
Ankara,2025-05-02 20:00:00:00,9.8,59.15,5.0,Parçalı Bulutlu
Ankara,2025-05-02 21:00:00:00,8.8,62.81,2.2,Açık
Ankara,2025-05-02 22:00:00:00,8.2,64.5,2.2,Açık
Ankara,2025-05-02 23:00:00:00,7.7,66.25,2.2,Açık
Ankara,2025-05-03 00:00:00:00,7.2,68.06,2.2,Açık
Ankara,2025-05-03 01:00:00:00,6.9,69.14,2.5,Parçalı Bulutlu
Ankara,2025-05-03 02:00:00:00,6.6,70.24,2.9,Parçalı Bulutlu
Ankara,2025-05-03 03:00:00:00,6.3,71.37,3.2,Bulutlu
Ankara,2025-05-03 04:00:00:00,6.4,71.05,3.8,Parçalı Bulutlu
Ankara,2025-05-03 05:00:00:00,6.4,70.73,4.4,Parçalı Bulutlu
Ankara,2025-05-03 06:00:00:00,6.6,70.41,5.0,Parçalı Bulutlu
Ankara,2025-05-03 07:00:00:00,8.3,63.59,4.9,Parçalı Bulutlu
Ankara,2025-05-03 08:00:00:00,10.0,57.53,4.8,Bulutlu
Ankara,2025-05-03 09:00:00:00,11.7,52.12,4.7,Bulutlu
Ankara,2025-05-03 10:00:00:00,12.8,49.43,4.8,Bulutlu
Ankara,2025-05-03 11:00:00:00,14.0,46.91,4.9,Bulutlu
Ankara,2025-05-03 12:00:00:00,15.2,44.54,5.0,Bulutlu
Ankara,2025-05-03 13:00:00:00,15.7,43.67,8.3,Bulutlu
Ankara,2025-05-03 14:00:00:00,16.3,42.82,11.5,Bulutlu
Ankara,2025-05-03 15:00:00:00,16.9,41.98,14.8,Bulutlu
Ankara,2025-05-03 16:00:00:00,15.9,46.69,11.6,Bulutlu
Ankara,2025-05-03 17:00:00:00,15.0,51.92,8.5,Bulutlu
Ankara,2025-05-03 18:00:00:00,14.1,57.76,5.4,Bulutlu
Ankara,2025-05-03 19:00:00:00,13.2,61.95,7.1,Bulutlu
Ankara,2025-05-03 20:00:00:00,12.3,66.48,8.8,Bulutlu
Ankara,2025-05-03 21:00:00:00,11.5,71.37,10.4,Bulutlu
Ankara,2025-05-03 22:00:00:00,11.1,71.14,9.4,Bulutlu
Ankara,2025-05-03 23:00:00:00,10.8,70.91,8.3,Bulutlu
Ankara,2025-05-04 00:00:00:00,10.5,70.68,7.2,Bulutlu
Ankara,2025-05-04 01:00:00:00,10.1,71.43,7.2,Bulutlu
Ankara,2025-05-04 02:00:00:00,9.7,72.19,7.2,Bulutlu
Ankara,2025-05-04 03:00:00:00,9.3,72.96,7.2,Bulutlu
Ankara,2025-05-04 04:00:00:00,8.9,76.18,6.8,Bulutlu
Ankara,2025-05-04 05:00:00:00,8.5,79.56,6.5,Bulutlu
Ankara,2025-05-04 06:00:00:00,8.2,83.09,6.1,Bulutlu
Ankara,2025-05-04 07:00:00:00,8.3,80.27,6.4,Bulutlu
Ankara,2025-05-04 08:00:00:00,8.5,77.55,6.6,Bulutlu
Ankara,2025-05-04 09:00:00:00,8.7,74.91,6.8,Bulutlu
Ankara,2025-05-04 10:00:00:00,9.0,73.58,8.0,Bulutlu
Ankara,2025-05-04 11:00:00:00,9.3,72.28,9.2,Bulutlu
Ankara,2025-05-04 12:00:00:00,9.6,71.0,10.4,Bulutlu
Ankara,2025-05-04 13:00:00:00,9.9,70.57,9.2,Bulutlu
Ankara,2025-05-04 14:00:00:00,10.2,70.13,8.0,Bulutlu
Ankara,2025-05-04 15:00:00:00,10.5,69.71,6.8,Bulutlu
Ankara,2025-05-04 16:00:00:00,10.7,68.8,5.8,Bulutlu
Ankara,2025-05-04 17:00:00:00,11.0,67.9,4.7,Bulutlu
Ankara,2025-05-04 18:00:00:00,11.3,67.02,3.6,Bulutlu
Ankara,2025-05-04 19:00:00:00,10.3,71.47,2.8,Bulutlu
Ankara,2025-05-04 20:00:00:00,9.3,76.25,1.9,Parçalı Bulutlu
Ankara,2025-05-04 21:00:00:00,8.3,81.39,1.1,Parçalı Bulutlu
Ankara,2025-05-04 22:00:00:00,7.8,82.46,1.8,Parçalı Bulutlu
Ankara,2025-05-04 23:00:00:00,7.3,83.56,2.5,Parçalı Bulutlu
Ankara,2025-05-05 00:00:00:00,6.9,84.69,3.2,Açık
Ankara,2025-05-05 01:00:00:00,6.5,85.24,2.8,Açık
Ankara,2025-05-05 02:00:00:00,6.2,85.81,2.3,Açık
Ankara,2025-05-05 03:00:00:00,5.9,86.38,1.8,Açık
Ankara,2025-05-05 04:00:00:00,5.7,86.77,1.7,Açık
Ankara,2025-05-05 05:00:00:00,5.5,87.16,1.6,Açık
Ankara,2025-05-05 06:00:00:00,5.4,87.55,1.4,Açık
Ankara,2025-05-05 07:00:00:00,7.3,80.12,1.4,Açık
Ankara,2025-05-05 08:00:00:00,9.2,73.45,1.4,Açık
Ankara,2025-05-05 09:00:00:00,11.1,67.45,1.4,Açık
Ankara,2025-05-05 10:00:00:00,12.4,59.8,3.8,Açık
Ankara,2025-05-05 11:00:00:00,13.8,53.06,6.2,Açık
Ankara,2025-05-05 12:00:00:00,15.2,47.13,8.6,Açık
Ankara,2025-05-05 13:00:00:00,16.0,43.45,9.8,Açık
Ankara,2025-05-05 14:00:00:00,16.9,40.07,11.0,Açık
Ankara,2025-05-05 15:00:00:00,17.8,36.96,12.2,Açık
Ankara,2025-05-05 16:00:00:00,17.6,36.4,11.8,Açık
Ankara,2025-05-05 17:00:00:00,17.5,35.85,11.3,Açık
Ankara,2025-05-05 18:00:00:00,17.4,35.3,10.8,Açık
Ankara,2025-05-05 19:00:00:00,15.5,39.93,8.6,Açık
Ankara,2025-05-05 20:00:00:00,13.6,45.26,6.5,Açık
Ankara,2025-05-05 21:00:00:00,11.7,51.38,4.3,Açık
Ankara,2025-05-05 22:00:00:00,11.3,52.01,4.6,Açık
Ankara,2025-05-05 23:00:00:00,10.9,52.65,4.8,Açık
Ankara,2025-05-06 00:00:00:00,10.5,53.3,5.0,Parçalı Bulutlu
Ankara,2025-05-06 01:00:00:00,10.1,54.36,5.2,Açık
Ankara,2025-05-06 02:00:00:00,9.7,55.45,5.3,Açık
Ankara,2025-05-06 03:00:00:00,9.4,56.56,5.4,Açık
Ankara,2025-05-06 04:00:00:00,9.2,59.13,6.2,Açık
Ankara,2025-05-06 05:00:00:00,8.9,61.82,7.1,Açık
Ankara,2025-05-06 06:00:00:00,8.8,64.62,7.9,Açık
Ankara,2025-05-06 07:00:00:00,10.9,59.14,7.6,Açık
Ankara,2025-05-06 08:00:00:00,12.9,54.22,7.2,Açık
Ankara,2025-05-06 09:00:00:00,15.1,49.81,6.8,Açık
Ankara,2025-05-06 10:00:00:00,16.7,43.94,5.4,Açık
Ankara,2025-05-06 11:00:00:00,18.3,38.8,4.0,Açık
Ankara,2025-05-06 12:00:00:00,19.9,34.3,2.5,Açık
Ankara,2025-05-06 13:00:00:00,20.6,32.08,5.3,Parçalı Bulutlu
Ankara,2025-05-06 14:00:00:00,21.3,30.02,8.0,Parçalı Bulutlu
Ankara,2025-05-06 15:00:00:00,22.0,28.09,10.8,Bulutlu
Ankara,2025-05-06 16:00:00:00,21.8,28.51,8.2,Bulutlu
Ankara,2025-05-06 17:00:00:00,21.6,28.94,5.5,Bulutlu
Ankara,2025-05-06 18:00:00:00,21.5,29.37,2.9,Bulutlu
Ankara,2025-05-06 19:00:00:00,20.0,32.52,3.6,Bulutlu
Ankara,2025-05-06 20:00:00:00,18.5,36.04,4.3,Bulutlu
Ankara,2025-05-06 21:00:00:00,17.0,39.99,5.0,Bulutlu
Ankara,2025-05-06 22:00:00:00,16.4,41.27,6.2,Bulutlu
Ankara,2025-05-06 23:00:00:00,15.9,42.6,7.4,Bulutlu
Izmir,2025-04-22 00:00:00:00,13.0,82.0,3.6,Parçalı Bulutlu
Izmir,2025-04-22 01:00:00:00,13.0,82.0,3.6,Parçalı Bulutlu
Izmir,2025-04-22 02:00:00:00,12.0,81.87,3.6,Parçalı Bulutlu
Izmir,2025-04-22 03:00:00:00,12.0,81.87,3.6,Parçalı Bulutlu
Izmir,2025-04-22 04:00:00:00,11.0,87.47,0.0,Parçalı Bulutlu
Izmir,2025-04-22 05:00:00:00,10.0,87.38,0.0,Parçalı Bulutlu
Izmir,2025-04-22 06:00:00:00,9.0,87.28,0.0,Parçalı Bulutlu
Izmir,2025-04-22 07:00:00:00,10.0,87.38,0.0,Parçalı Bulutlu
Izmir,2025-04-22 08:00:00:00,13.0,82.0,5.4,Açık
Izmir,2025-04-22 09:00:00:00,18.0,67.96,3.6,Açık
Izmir,2025-04-22 10:00:00:00,20.0,59.99,5.4,Açık
Izmir,2025-04-22 11:00:00:00,21.0,56.4,7.6,Açık
Izmir,2025-04-22 12:00:00:00,23.0,49.92,5.4,Parçalı Bulutlu
Izmir,2025-04-22 13:00:00:00,25.0,50.45,13.0,Parçalı Bulutlu
Izmir,2025-04-22 14:00:00:00,24.0,53.56,16.6,Parçalı Bulutlu
Izmir,2025-04-22 15:00:00:00,24.0,50.19,9.4,Parçalı Bulutlu
Izmir,2025-04-22 16:00:00:00,24.0,50.19,11.2,Parçalı Bulutlu
Izmir,2025-04-22 17:00:00:00,25.0,44.27,11.2,Parçalı Bulutlu
Izmir,2025-04-22 18:00:00:00,24.0,47.0,9.4,Parçalı Bulutlu
Izmir,2025-04-22 19:00:00:00,22.0,56.65,14.8,Parçalı Bulutlu
Izmir,2025-04-22 20:00:00:00,20.0,59.99,13.0,Parçalı Bulutlu
Izmir,2025-04-22 21:00:00:00,20.0,59.99,14.8,Parçalı Bulutlu
Izmir,2025-04-22 22:00:00:00,16.3,72.26,1.1,Bulutlu
Izmir,2025-04-22 23:00:00:00,15.5,73.57,3.6,Bulutlu
Izmir,2025-04-23 00:00:00:00,14.7,76.94,2.9,Bulutlu
Izmir,2025-04-23 01:00:00:00,13.5,82.07,4.7,Parçalı Bulutlu
Izmir,2025-04-23 02:00:00:00,13.3,81.49,4.0,Parçalı Bulutlu
Izmir,2025-04-23 03:00:00:00,13.2,81.48,3.6,Parçalı Bulutlu
Izmir,2025-04-23 04:00:00:00,12.9,82.54,2.9,Açık
Izmir,2025-04-23 05:00:00:00,12.3,84.71,3.6,Açık
Izmir,2025-04-23 06:00:00:00,12.2,85.27,0.7,Açık
Izmir,2025-04-23 07:00:00:00,12.1,86.41,2.2,Açık
Izmir,2025-04-23 08:00:00:00,13.6,79.92,2.2,Açık
Izmir,2025-04-23 09:00:00:00,17.0,64.24,6.5,Açık
Izmir,2025-04-23 10:00:00:00,18.8,59.7,7.9,Parçalı Bulutlu
Izmir,2025-04-23 11:00:00:00,20.4,54.41,10.1,Parçalı Bulutlu
Izmir,2025-04-23 12:00:00:00,21.3,50.47,14.4,Parçalı Bulutlu
Izmir,2025-04-23 13:00:00:00,22.1,49.03,18.0,Parçalı Bulutlu
Izmir,2025-04-23 14:00:00:00,23.0,44.6,19.1,Parçalı Bulutlu
Izmir,2025-04-23 15:00:00:00,23.4,38.57,20.2,Parçalı Bulutlu
Izmir,2025-04-23 16:00:00:00,23.0,38.98,18.7,Bulutlu
Izmir,2025-04-23 17:00:00:00,22.6,40.21,17.3,Bulutlu
Izmir,2025-04-23 18:00:00:00,21.3,42.08,14.4,Parçalı Bulutlu
Izmir,2025-04-23 19:00:00:00,20.4,44.78,9.4,Parçalı Bulutlu
Izmir,2025-04-23 20:00:00:00,18.7,48.43,5.8,Açık
Izmir,2025-04-23 21:00:00:00,17.3,52.53,3.6,Açık
Izmir,2025-04-23 22:00:00:00,16.4,57.15,2.2,Bulutlu
Izmir,2025-04-23 23:00:00:00,16.1,58.65,1.8,Parçalı Bulutlu
Izmir,2025-04-24 00:00:00:00,15.2,59.64,2.9,Bulutlu
Izmir,2025-04-24 01:00:00:00,14.5,60.71,3.2,Bulutlu
Izmir,2025-04-24 02:00:00:00,13.8,63.09,4.3,Bulutlu
Izmir,2025-04-24 03:00:00:00,13.1,66.94,4.7,Bulutlu
Izmir,2025-04-24 04:00:00:00,12.7,70.14,4.0,Bulutlu
Izmir,2025-04-24 05:00:00:00,12.5,70.59,5.0,Bulutlu
Izmir,2025-04-24 06:00:00:00,12.2,71.01,5.0,Bulutlu
Izmir,2025-04-24 07:00:00:00,11.7,71.9,5.8,Bulutlu
Izmir,2025-04-24 08:00:00:00,13.6,69.85,5.4,Bulutlu
Izmir,2025-04-24 09:00:00:00,16.5,63.28,4.7,Bulutlu
Izmir,2025-04-24 10:00:00:00,17.9,61.51,2.2,Bulutlu
Izmir,2025-04-24 11:00:00:00,18.8,64.64,4.7,Bulutlu
Izmir,2025-04-24 12:00:00:00,20.2,57.71,4.7,Bulutlu
Izmir,2025-04-24 13:00:00:00,21.3,51.83,5.0,Bulutlu
Izmir,2025-04-24 14:00:00:00,20.5,56.65,11.5,Bulutlu
Izmir,2025-04-24 15:00:00:00,20.7,50.98,10.1,Bulutlu
Izmir,2025-04-24 16:00:00:00,20.3,50.2,10.8,Bulutlu
Izmir,2025-04-24 17:00:00:00,19.6,50.69,9.7,Bulutlu
Izmir,2025-04-24 18:00:00:00,19.2,53.03,7.2,Bulutlu
Izmir,2025-04-24 19:00:00:00,18.4,60.01,4.7,Parçalı Bulutlu
Izmir,2025-04-24 20:00:00:00,17.0,70.04,1.4,Bulutlu
Izmir,2025-04-24 21:00:00:00,15.3,79.63,4.3,Bulutlu
Izmir,2025-04-24 22:00:00:00,13.8,88.31,6.5,Bulutlu
Izmir,2025-04-24 23:00:00:00,13.6,88.88,7.2,Parçalı Bulutlu
Izmir,2025-04-25 00:00:00:00,13.5,88.28,6.8,Bulutlu
Izmir,2025-04-25 01:00:00:00,12.9,90.0,6.5,Parçalı Bulutlu
Izmir,2025-04-25 02:00:00:00,12.8,91.2,6.5,Parçalı Bulutlu
Izmir,2025-04-25 03:00:00:00,12.9,91.81,6.5,Bulutlu
Izmir,2025-04-25 04:00:00:00,12.5,91.78,5.8,Parçalı Bulutlu
Izmir,2025-04-25 05:00:00:00,12.3,91.77,6.5,Parçalı Bulutlu
Izmir,2025-04-25 06:00:00:00,12.4,91.17,6.5,Parçalı Bulutlu
Izmir,2025-04-25 07:00:00:00,12.7,91.19,5.8,Parçalı Bulutlu
Izmir,2025-04-25 08:00:00:00,14.7,84.97,6.1,Parçalı Bulutlu
Izmir,2025-04-25 09:00:00:00,16.2,78.2,8.6,Parçalı Bulutlu
Izmir,2025-04-25 10:00:00:00,17.8,68.37,8.3,Parçalı Bulutlu
Izmir,2025-04-25 11:00:00:00,19.4,59.45,5.0,Parçalı Bulutlu
Izmir,2025-04-25 12:00:00:00,20.2,54.0,3.2,Bulutlu
Izmir,2025-04-25 13:00:00:00,21.1,51.09,6.1,Bulutlu
Izmir,2025-04-25 14:00:00:00,19.9,64.04,10.8,Bulutlu
Izmir,2025-04-25 15:00:00:00,19.9,60.76,11.2,Bulutlu
Izmir,2025-04-25 16:00:00:00,19.7,61.92,9.1,"Yağmur, Bulutlu"
Izmir,2025-04-25 17:00:00:00,19.4,63.11,7.1,"Yağmur, Bulutlu"
Izmir,2025-04-25 18:00:00:00,19.3,64.32,5.0,"Yağmur, Bulutlu"
Izmir,2025-04-25 19:00:00:00,18.1,70.87,4.3,"Yağmur, Parçalı Bulutlu"
Izmir,2025-04-25 20:00:00:00,16.9,78.13,3.6,"Yağmur, Parçalı Bulutlu"
Izmir,2025-04-25 21:00:00:00,15.7,86.2,2.9,Yağmur
Izmir,2025-04-25 22:00:00:00,14.8,87.43,3.8,Açık
Izmir,2025-04-25 23:00:00:00,13.9,88.7,4.8,Parçalı Bulutlu
Izmir,2025-04-26 00:00:00:00,13.0,90.01,5.8,Parçalı Bulutlu
Izmir,2025-04-26 01:00:00:00,12.7,90.79,5.4,Parçalı Bulutlu
Izmir,2025-04-26 02:00:00:00,12.4,91.57,5.0,Parçalı Bulutlu
Izmir,2025-04-26 03:00:00:00,12.1,92.37,4.7,Açık
Izmir,2025-04-26 04:00:00:00,11.8,92.56,5.0,Açık
Izmir,2025-04-26 05:00:00:00,11.6,92.75,5.4,Açık
Izmir,2025-04-26 06:00:00:00,11.4,92.95,5.8,Açık
Izmir,2025-04-26 07:00:00:00,13.1,87.67,4.3,Açık
Izmir,2025-04-26 08:00:00:00,14.9,82.79,2.9,Açık
Izmir,2025-04-26 09:00:00:00,16.7,78.27,1.4,Açık
Izmir,2025-04-26 10:00:00:00,18.2,67.71,3.5,Açık
Izmir,2025-04-26 11:00:00:00,19.7,58.63,5.5,Açık
Izmir,2025-04-26 12:00:00:00,21.3,50.8,7.6,Açık
Izmir,2025-04-26 13:00:00:00,21.9,47.17,9.4,Açık
Izmir,2025-04-26 14:00:00:00,22.6,43.81,11.2,Açık
Izmir,2025-04-26 15:00:00:00,23.3,40.68,13.0,Açık
Izmir,2025-04-26 16:00:00:00,22.9,39.93,13.9,Açık
Izmir,2025-04-26 17:00:00:00,22.4,39.19,14.9,Açık
Izmir,2025-04-26 18:00:00:00,22.1,38.46,15.8,Açık
Izmir,2025-04-26 19:00:00:00,20.4,47.82,11.0,Açık
Izmir,2025-04-26 20:00:00:00,18.7,59.43,6.2,Açık
Izmir,2025-04-26 21:00:00:00,17.1,73.85,1.4,Açık
Izmir,2025-04-26 22:00:00:00,16.1,75.82,2.4,Açık
Izmir,2025-04-26 23:00:00:00,15.1,77.86,3.4,Açık
Izmir,2025-04-27 00:00:00:00,14.1,79.99,4.3,Açık
Izmir,2025-04-27 01:00:00:00,13.6,79.75,5.3,Açık
Izmir,2025-04-27 02:00:00:00,13.2,79.51,6.2,Açık
Izmir,2025-04-27 03:00:00:00,12.8,79.27,7.2,Açık
Izmir,2025-04-27 04:00:00:00,12.5,80.31,7.3,Açık
Izmir,2025-04-27 05:00:00:00,12.2,81.36,7.4,Açık
Izmir,2025-04-27 06:00:00:00,12.0,82.43,7.6,Açık
Izmir,2025-04-27 07:00:00:00,12.9,74.61,5.4,Açık
Izmir,2025-04-27 08:00:00:00,14.9,66.87,5.8,Açık
Izmir,2025-04-27 09:00:00:00,16.8,58.43,6.8,Açık
Izmir,2025-04-27 10:00:00:00,18.4,53.18,7.6,Açık
Izmir,2025-04-27 11:00:00:00,19.7,48.37,9.0,Parçalı Bulutlu
Izmir,2025-04-27 12:00:00:00,20.6,45.14,10.8,Bulutlu
Izmir,2025-04-27 13:00:00:00,21.3,42.36,11.2,Parçalı Bulutlu
Izmir,2025-04-27 14:00:00:00,22.1,38.99,11.2,Açık
Izmir,2025-04-27 15:00:00:00,22.6,36.3,10.8,Açık
Izmir,2025-04-27 16:00:00:00,22.4,36.68,10.8,Açık
Izmir,2025-04-27 17:00:00:00,22.3,37.06,10.8,Parçalı Bulutlu
Izmir,2025-04-27 18:00:00:00,22.2,37.45,10.8,Parçalı Bulutlu
Izmir,2025-04-27 19:00:00:00,19.7,47.2,12.4,Parçalı Bulutlu
Izmir,2025-04-27 20:00:00:00,17.3,59.62,13.9,Parçalı Bulutlu
Izmir,2025-04-27 21:00:00:00,14.9,75.45,15.5,Bulutlu
Izmir,2025-04-27 22:00:00:00,14.0,77.7,14.8,Parçalı Bulutlu
Izmir,2025-04-27 23:00:00:00,13.1,80.03,14.0,Parçalı Bulutlu
Izmir,2025-04-28 00:00:00:00,12.3,82.46,13.3,Parçalı Bulutlu
Izmir,2025-04-28 01:00:00:00,11.7,83.52,13.1,Parçalı Bulutlu
Izmir,2025-04-28 02:00:00:00,11.2,84.59,12.8,Açık
Izmir,2025-04-28 03:00:00:00,10.7,85.69,12.6,Açık
Izmir,2025-04-28 04:00:00:00,10.2,87.01,13.0,Açık
Izmir,2025-04-28 05:00:00:00,9.8,88.36,13.3,Açık
Izmir,2025-04-28 06:00:00:00,9.4,89.74,13.7,Parçalı Bulutlu
Izmir,2025-04-28 07:00:00:00,10.5,84.13,13.9,Parçalı Bulutlu
Izmir,2025-04-28 08:00:00:00,11.7,78.93,14.2,Parçalı Bulutlu
Izmir,2025-04-28 09:00:00:00,12.9,74.11,14.4,Parçalı Bulutlu
Izmir,2025-04-28 10:00:00:00,14.8,66.71,13.8,Parçalı Bulutlu
Izmir,2025-04-28 11:00:00:00,16.8,60.17,13.2,Parçalı Bulutlu
Izmir,2025-04-28 12:00:00:00,18.8,54.37,12.6,Açık
Izmir,2025-04-28 13:00:00:00,19.8,51.43,12.1,Açık
Izmir,2025-04-28 14:00:00:00,20.8,48.67,11.6,Açık
Izmir,2025-04-28 15:00:00:00,21.8,46.09,11.2,Açık
Izmir,2025-04-28 16:00:00:00,21.4,47.88,10.9,Parçalı Bulutlu
Izmir,2025-04-28 17:00:00:00,21.0,49.73,10.7,Parçalı Bulutlu
Izmir,2025-04-28 18:00:00:00,20.7,51.67,10.4,Bulutlu
Izmir,2025-04-28 19:00:00:00,18.9,57.64,11.3,Parçalı Bulutlu
Izmir,2025-04-28 20:00:00:00,17.1,64.41,12.1,Parçalı Bulutlu
Izmir,2025-04-28 21:00:00:00,15.3,72.08,13.0,Parçalı Bulutlu
Izmir,2025-04-28 22:00:00:00,14.4,73.06,12.2,Parçalı Bulutlu
Izmir,2025-04-28 23:00:00:00,13.6,74.07,11.5,Açık
Izmir,2025-04-29 00:00:00:00,12.8,75.1,10.8,Açık
Izmir,2025-04-29 01:00:00:00,12.4,76.06,10.6,Açık
Izmir,2025-04-29 02:00:00:00,12.0,77.04,10.3,Açık
Izmir,2025-04-29 03:00:00:00,11.7,78.04,10.1,Açık
Izmir,2025-04-29 04:00:00:00,11.5,78.55,9.2,Parçalı Bulutlu
Izmir,2025-04-29 05:00:00:00,11.3,79.06,8.4,Parçalı Bulutlu
Izmir,2025-04-29 06:00:00:00,11.2,79.58,7.6,Bulutlu
Izmir,2025-04-29 07:00:00:00,12.1,76.19,7.0,Bulutlu
Izmir,2025-04-29 08:00:00:00,13.1,72.99,6.4,Bulutlu
Izmir,2025-04-29 09:00:00:00,14.1,69.94,5.8,Bulutlu
Izmir,2025-04-29 10:00:00:00,16.0,63.88,5.4,Parçalı Bulutlu
Izmir,2025-04-29 11:00:00:00,17.9,58.45,5.0,Parçalı Bulutlu
Izmir,2025-04-29 12:00:00:00,19.9,53.57,4.7,Parçalı Bulutlu
Izmir,2025-04-29 13:00:00:00,20.6,51.66,6.4,Parçalı Bulutlu
Izmir,2025-04-29 14:00:00:00,21.4,49.83,8.0,Parçalı Bulutlu
Izmir,2025-04-29 15:00:00:00,22.2,48.08,9.7,Bulutlu
Izmir,2025-04-29 16:00:00:00,21.4,51.28,10.1,Bulutlu
Izmir,2025-04-29 17:00:00:00,20.6,54.71,10.4,Bulutlu
Izmir,2025-04-29 18:00:00:00,19.8,58.38,10.8,Bulutlu
Izmir,2025-04-29 19:00:00:00,18.4,63.43,8.8,Bulutlu
Izmir,2025-04-29 20:00:00:00,17.0,68.98,6.7,Bulutlu
Izmir,2025-04-29 21:00:00:00,15.7,75.09,4.7,Bulutlu
Izmir,2025-04-29 22:00:00:00,15.3,76.36,3.7,Bulutlu
Izmir,2025-04-29 23:00:00:00,14.9,77.66,2.8,Bulutlu
Izmir,2025-04-30 00:00:00:00,14.5,78.99,1.8,Bulutlu
Izmir,2025-04-30 01:00:00:00,14.4,79.33,1.8,Bulutlu
Izmir,2025-04-30 02:00:00:00,14.3,79.67,1.8,Parçalı Bulutlu
Izmir,2025-04-30 03:00:00:00,14.3,80.02,1.8,Parçalı Bulutlu
Izmir,2025-04-30 04:00:00:00,13.9,81.58,1.9,Parçalı Bulutlu
Izmir,2025-04-30 05:00:00:00,13.6,83.18,2.0,Bulutlu
Izmir,2025-04-30 06:00:00:00,13.3,84.82,2.2,Bulutlu
Izmir,2025-04-30 07:00:00:00,13.5,84.85,2.4,Bulutlu
Izmir,2025-04-30 08:00:00:00,13.8,84.88,2.6,Bulutlu
Izmir,2025-04-30 09:00:00:00,14.1,84.91,2.9,Bulutlu
Izmir,2025-04-30 10:00:00:00,14.6,82.39,3.2,Bulutlu
Izmir,2025-04-30 11:00:00:00,15.1,79.96,3.6,Bulutlu
Izmir,2025-04-30 12:00:00:00,15.7,77.61,4.0,Bulutlu
Izmir,2025-04-30 13:00:00:00,15.9,77.98,4.3,Bulutlu
Izmir,2025-04-30 14:00:00:00,16.1,78.36,4.7,Bulutlu
Izmir,2025-04-30 15:00:00:00,16.3,78.73,5.0,Bulutlu
Izmir,2025-04-30 16:00:00:00,16.1,78.37,4.1,Bulutlu
Izmir,2025-04-30 17:00:00:00,16.0,78.0,3.1,Bulutlu
Izmir,2025-04-30 18:00:00:00,15.9,77.64,2.2,Parçalı Bulutlu
Izmir,2025-04-30 19:00:00:00,14.8,82.23,4.6,Parçalı Bulutlu
Izmir,2025-04-30 20:00:00:00,13.7,87.14,7.0,Parçalı Bulutlu
Izmir,2025-04-30 21:00:00:00,12.6,92.4,9.4,Açık
Izmir,2025-04-30 22:00:00:00,12.2,92.18,8.5,Açık
Izmir,2025-04-30 23:00:00:00,11.9,91.95,7.7,Açık
Izmir,2025-05-01 00:00:00:00,11.6,91.73,6.8,Açık
Izmir,2025-05-01 01:00:00:00,11.3,92.12,6.7,Açık
Izmir,2025-05-01 02:00:00:00,11.1,92.52,6.6,Parçalı Bulutlu
Izmir,2025-05-01 03:00:00:00,10.9,92.92,6.5,Parçalı Bulutlu
Izmir,2025-05-01 04:00:00:00,10.9,93.34,7.1,Parçalı Bulutlu
Izmir,2025-05-01 05:00:00:00,10.9,93.76,7.7,Parçalı Bulutlu
Izmir,2025-05-01 06:00:00:00,11.0,94.18,8.3,Parçalı Bulutlu
Izmir,2025-05-01 07:00:00:00,11.2,92.11,9.4,Bulutlu
Izmir,2025-05-01 08:00:00:00,11.4,90.1,10.4,Bulutlu
Izmir,2025-05-01 09:00:00:00,11.7,88.13,11.5,Bulutlu
Izmir,2025-05-01 10:00:00:00,11.8,84.28,12.5,Bulutlu
Izmir,2025-05-01 11:00:00:00,11.9,80.58,13.4,Parçalı Bulutlu
Izmir,2025-05-01 12:00:00:00,12.0,77.03,14.4,Parçalı Bulutlu
Izmir,2025-05-01 13:00:00:00,12.6,70.14,14.6,Parçalı Bulutlu
Izmir,2025-05-01 14:00:00:00,13.3,63.86,14.9,Bulutlu
Izmir,2025-05-01 15:00:00:00,14.0,58.13,15.1,Bulutlu
Izmir,2025-05-01 16:00:00:00,13.5,60.76,15.8,Bulutlu
Izmir,2025-05-01 17:00:00:00,13.0,63.5,16.6,Bulutlu
Izmir,2025-05-01 18:00:00:00,12.6,66.38,17.3,Bulutlu
Izmir,2025-05-01 19:00:00:00,11.7,69.32,17.5,Parçalı Bulutlu
Izmir,2025-05-01 20:00:00:00,10.9,72.42,17.8,Parçalı Bulutlu
Izmir,2025-05-01 21:00:00:00,10.1,75.68,18.0,Parçalı Bulutlu
Izmir,2025-05-01 22:00:00:00,9.4,78.41,16.8,Parçalı Bulutlu
Izmir,2025-05-01 23:00:00:00,8.7,81.26,15.6,Açık
Izmir,2025-05-02 00:00:00:00,8.1,84.23,14.4,Açık
Izmir,2025-05-02 01:00:00:00,7.8,85.38,13.7,Açık
Izmir,2025-05-02 02:00:00:00,7.5,86.54,13.0,Açık
Izmir,2025-05-02 03:00:00:00,7.2,87.72,12.2,Açık
Izmir,2025-05-02 04:00:00:00,6.9,88.51,12.7,Açık
Izmir,2025-05-02 05:00:00:00,6.6,89.32,13.2,Açık
Izmir,2025-05-02 06:00:00:00,6.4,90.13,13.7,Açık
Izmir,2025-05-02 07:00:00:00,7.9,81.91,13.4,Açık
Izmir,2025-05-02 08:00:00:00,9.4,74.53,13.2,Açık
Izmir,2025-05-02 09:00:00:00,11.0,67.9,13.0,Açık
Izmir,2025-05-02 10:00:00:00,12.8,59.88,12.7,Açık
Izmir,2025-05-02 11:00:00:00,14.6,52.9,12.5,Açık
Izmir,2025-05-02 12:00:00:00,16.4,46.81,12.2,Açık
Izmir,2025-05-02 13:00:00:00,17.1,43.66,11.5,Açık
Izmir,2025-05-02 14:00:00:00,17.9,40.73,10.8,Açık
Izmir,2025-05-02 15:00:00:00,18.7,38.01,10.1,Açık
Izmir,2025-05-02 16:00:00:00,18.7,37.49,9.6,Açık
Izmir,2025-05-02 17:00:00:00,18.7,36.98,9.1,Açık
Izmir,2025-05-02 18:00:00:00,18.8,36.47,8.6,Parçalı Bulutlu
Izmir,2025-05-02 19:00:00:00,17.1,41.77,7.7,Parçalı Bulutlu
Izmir,2025-05-02 20:00:00:00,15.5,47.89,6.7,Parçalı Bulutlu
Izmir,2025-05-02 21:00:00:00,13.9,54.97,5.8,Bulutlu
Izmir,2025-05-02 22:00:00:00,13.3,55.71,6.6,Bulutlu
Izmir,2025-05-02 23:00:00:00,12.7,56.47,7.4,Bulutlu
Izmir,2025-05-03 00:00:00:00,12.1,57.25,8.3,Bulutlu
Izmir,2025-05-03 01:00:00:00,11.8,57.04,8.6,Bulutlu
Izmir,2025-05-03 02:00:00:00,11.5,56.83,9.0,Bulutlu
Izmir,2025-05-03 03:00:00:00,11.2,56.62,9.4,Bulutlu
Izmir,2025-05-03 04:00:00:00,11.1,54.89,9.0,Bulutlu
Izmir,2025-05-03 05:00:00:00,11.1,53.22,8.6,Bulutlu
Izmir,2025-05-03 06:00:00:00,11.1,51.58,8.3,Bulutlu
Izmir,2025-05-03 07:00:00:00,11.5,52.33,7.6,Bulutlu
Izmir,2025-05-03 08:00:00:00,12.0,53.08,6.8,Bulutlu
Izmir,2025-05-03 09:00:00:00,12.5,53.84,6.1,Bulutlu
Izmir,2025-05-03 10:00:00:00,13.3,51.46,5.0,Bulutlu
Izmir,2025-05-03 11:00:00:00,14.1,49.21,4.0,Bulutlu
Izmir,2025-05-03 12:00:00:00,15.0,47.07,2.9,Bulutlu
Izmir,2025-05-03 13:00:00:00,15.6,45.52,2.5,Bulutlu
Izmir,2025-05-03 14:00:00:00,16.3,44.04,2.2,Bulutlu
Izmir,2025-05-03 15:00:00:00,17.0,42.61,1.8,Bulutlu
Izmir,2025-05-03 16:00:00:00,17.0,43.21,3.4,Bulutlu
Izmir,2025-05-03 17:00:00:00,17.0,43.82,4.9,Bulutlu
Izmir,2025-05-03 18:00:00:00,17.0,44.43,6.5,Bulutlu
Izmir,2025-05-03 19:00:00:00,15.6,50.32,7.1,Parçalı Bulutlu
Izmir,2025-05-03 20:00:00:00,14.3,57.02,7.7,Parçalı Bulutlu
Izmir,2025-05-03 21:00:00:00,13.0,64.66,8.3,Açık
Izmir,2025-05-03 22:00:00:00,12.2,65.1,9.2,Açık
Izmir,2025-05-03 23:00:00:00,11.5,65.54,10.2,Açık
Izmir,2025-05-04 00:00:00:00,10.8,65.99,11.2,Açık
Izmir,2025-05-04 01:00:00:00,10.2,67.43,11.4,Açık
Izmir,2025-05-04 02:00:00:00,9.7,68.91,11.6,Açık
Izmir,2025-05-04 03:00:00:00,9.2,70.43,11.9,Açık
Izmir,2025-05-04 04:00:00:00,8.7,70.51,11.9,Açık
Izmir,2025-05-04 05:00:00:00,8.3,70.59,11.9,Açık
Izmir,2025-05-04 06:00:00:00,7.9,70.67,11.9,Açık
Izmir,2025-05-04 07:00:00:00,9.1,66.08,12.1,Parçalı Bulutlu
Izmir,2025-05-04 08:00:00:00,10.3,61.84,12.4,Parçalı Bulutlu
Izmir,2025-05-04 09:00:00:00,11.5,57.91,12.6,Bulutlu
Izmir,2025-05-04 10:00:00:00,13.1,53.12,12.6,Bulutlu
Izmir,2025-05-04 11:00:00:00,14.7,48.78,12.6,Bulutlu
Izmir,2025-05-04 12:00:00:00,16.3,44.86,12.6,Bulutlu
Izmir,2025-05-04 13:00:00:00,17.3,41.33,12.4,Parçalı Bulutlu
Izmir,2025-05-04 14:00:00:00,18.3,38.1,12.1,Parçalı Bulutlu
Izmir,2025-05-04 15:00:00:00,19.4,35.13,11.9,Açık
Izmir,2025-05-04 16:00:00:00,19.2,35.58,13.0,Açık
Izmir,2025-05-04 17:00:00:00,19.0,36.04,14.0,Açık
Izmir,2025-05-04 18:00:00:00,18.9,36.5,15.1,Açık
Izmir,2025-05-04 19:00:00:00,16.9,42.88,14.4,Açık
Izmir,2025-05-04 20:00:00:00,14.9,50.46,13.7,Açık
Izmir,2025-05-04 21:00:00:00,12.9,59.49,13.0,Açık
Izmir,2025-05-04 22:00:00:00,12.1,62.42,12.8,Açık
Izmir,2025-05-04 23:00:00:00,11.3,65.5,12.7,Açık
Izmir,2025-05-05 00:00:00:00,10.6,68.76,12.6,Açık
Izmir,2025-05-05 01:00:00:00,9.9,71.24,12.4,Açık
Izmir,2025-05-05 02:00:00:00,9.4,73.83,12.1,Açık
Izmir,2025-05-05 03:00:00:00,8.8,76.52,11.9,Açık
Izmir,2025-05-05 04:00:00:00,8.4,77.0,12.1,Açık
Izmir,2025-05-05 05:00:00:00,8.2,77.5,12.4,Açık
Izmir,2025-05-05 06:00:00:00,7.9,77.99,12.6,Açık
Izmir,2025-05-05 07:00:00:00,9.3,70.96,12.5,Parçalı Bulutlu
Izmir,2025-05-05 08:00:00:00,10.8,64.63,12.4,Parçalı Bulutlu
Izmir,2025-05-05 09:00:00:00,12.3,58.93,12.2,Bulutlu
Izmir,2025-05-05 10:00:00:00,14.3,52.1,11.5,Bulutlu
Izmir,2025-05-05 11:00:00:00,16.3,46.15,10.8,Parçalı Bulutlu
Izmir,2025-05-05 12:00:00:00,18.4,40.96,10.1,Parçalı Bulutlu
Izmir,2025-05-05 13:00:00:00,19.5,36.68,9.7,Parçalı Bulutlu
Izmir,2025-05-05 14:00:00:00,20.6,32.85,9.4,Parçalı Bulutlu
Izmir,2025-05-05 15:00:00:00,21.7,29.43,9.0,Parçalı Bulutlu
Izmir,2025-05-05 16:00:00:00,21.4,29.43,8.9,Parçalı Bulutlu
Izmir,2025-05-05 17:00:00:00,21.2,29.44,8.8,Parçalı Bulutlu
Izmir,2025-05-05 18:00:00:00,21.0,29.44,8.6,Parçalı Bulutlu
Izmir,2025-05-05 19:00:00:00,19.3,33.82,6.7,Parçalı Bulutlu
Izmir,2025-05-05 20:00:00:00,17.6,38.89,4.8,Parçalı Bulutlu
Izmir,2025-05-05 21:00:00:00,16.0,44.77,2.9,Parçalı Bulutlu
Izmir,2025-05-05 22:00:00:00,15.4,45.68,2.8,Parçalı Bulutlu
Izmir,2025-05-05 23:00:00:00,14.9,46.61,2.6,Parçalı Bulutlu
Izmir,2025-05-06 00:00:00:00,14.4,47.57,2.5,Parçalı Bulutlu
Izmir,2025-05-06 01:00:00:00,14.1,48.73,2.3,Parçalı Bulutlu
Izmir,2025-05-06 02:00:00:00,13.8,49.92,2.0,Parçalı Bulutlu
Izmir,2025-05-06 03:00:00:00,13.5,51.15,1.8,Bulutlu
Izmir,2025-05-06 04:00:00:00,13.2,51.56,2.6,Bulutlu
Izmir,2025-05-06 05:00:00:00,13.0,51.99,3.5,Bulutlu
Izmir,2025-05-06 06:00:00:00,12.8,52.42,4.3,Bulutlu
Izmir,2025-05-06 07:00:00:00,14.3,48.33,3.5,Bulutlu
Izmir,2025-05-06 08:00:00:00,15.8,44.61,2.6,Bulutlu
Izmir,2025-05-06 09:00:00:00,17.3,41.22,1.8,Bulutlu
Izmir,2025-05-06 10:00:00:00,18.6,37.21,3.6,Bulutlu
Izmir,2025-05-06 11:00:00:00,20.0,33.62,5.4,Bulutlu
Izmir,2025-05-06 12:00:00:00,21.4,30.4,7.2,Bulutlu
Izmir,2025-05-06 13:00:00:00,21.8,29.96,8.6,Bulutlu
Izmir,2025-05-06 14:00:00:00,22.2,29.52,10.1,Bulutlu
Izmir,2025-05-06 15:00:00:00,22.7,29.09,11.5,Bulutlu
Izmir,2025-05-06 16:00:00:00,21.8,31.47,11.2,Bulutlu
Izmir,2025-05-06 17:00:00:00,20.9,34.05,10.8,Bulutlu
Izmir,2025-05-06 18:00:00:00,20.1,36.85,10.4,Bulutlu
Izmir,2025-05-06 19:00:00:00,19.0,39.29,9.0,Bulutlu
Izmir,2025-05-06 20:00:00:00,18.0,41.92,7.6,Bulutlu
Izmir,2025-05-06 21:00:00:00,17.0,44.74,6.1,Bulutlu
Izmir,2025-05-06 22:00:00:00,16.2,46.34,5.5,Bulutlu
Izmir,2025-05-06 23:00:00:00,15.5,48.0,4.9,Bulutlu
